metric_name,timestamp,metric_value,check,error,error_code,expected_response,group,method,name,proto,scenario,service,status,subproto,tls_version,url,extra_tags,metadata
vus,1700186055,10.000000,,,,,,,,,,,,,,,,
vus_max,1700186055,10.000000,,,,,,,,,,,,,,,,
http_reqs,1700186055,1.000000,,,,true,,POST,http://localhost:5000/api/v1/register,HTTP/1.1,default,,201,,,http://localhost:5000/api/v1/register,,
http_req_duration,1700186055,1456.993500,,,,true,,POST,http://localhost:5000/api/v1/register,HTTP/1.1,default,,201,,,http://localhost:5000/api/v1/register,,
http_req_blocked,1700186055,1.994300,,,,true,,POST,http://localhost:5000/api/v1/register,HTTP/1.1,default,,201,,,http://localhost:5000/api/v1/register,,
http_req_connecting,1700186055,1.486900,,,,true,,POST,http://localhost:5000/api/v1/register,HTTP/1.1,default,,201,,,http://localhost:5000/api/v1/register,,
http_req_tls_handshaking,1700186055,0.000000,,,,true,,POST,http://localhost:5000/api/v1/register,HTTP/1.1,default,,201,,,http://localhost:5000/api/v1/register,,
http_req_sending,1700186055,0.508700,,,,true,,POST,http://localhost:5000/api/v1/register,HTTP/1.1,default,,201,,,http://localhost:5000/api/v1/register,,
http_req_waiting,1700186055,1456.484800,,,,true,,POST,http://localhost:5000/api/v1/register,HTTP/1.1,default,,201,,,http://localhost:5000/api/v1/register,,
http_req_receiving,1700186055,0.000000,,,,true,,POST,http://localhost:5000/api/v1/register,HTTP/1.1,default,,201,,,http://localhost:5000/api/v1/register,,
http_req_failed,1700186055,0.000000,,,,true,,POST,http://localhost:5000/api/v1/register,HTTP/1.1,default,,201,,,http://localhost:5000/api/v1/register,,
data_sent,1700186055,247.000000,,,,,,,,,default,,,,,,,
data_received,1700186055,479.000000,,,,,,,,,default,,,,,,,
iteration_duration,1700186055,1459.486300,,,,,,,,,default,,,,,,,
iterations,1700186055,1.000000,,,,,,,,,default,,,,,,,
http_reqs,1700186055,1.000000,,,1400,false,,POST,http://localhost:5000/api/v1/register,HTTP/1.1,default,,400,,,http://localhost:5000/api/v1/register,,
http_req_duration,1700186055,20.731700,,,1400,false,,POST,http://localhost:5000/api/v1/register,HTTP/1.1,default,,400,,,http://localhost:5000/api/v1/register,,
http_req_blocked,1700186055,0.527600,,,1400,false,,POST,http://localhost:5000/api/v1/register,HTTP/1.1,default,,400,,,http://localhost:5000/api/v1/register,,
http_req_connecting,1700186055,0.527600,,,1400,false,,POST,http://localhost:5000/api/v1/register,HTTP/1.1,default,,400,,,http://localhost:5000/api/v1/register,,
http_req_tls_handshaking,1700186055,0.000000,,,1400,false,,POST,http://localhost:5000/api/v1/register,HTTP/1.1,default,,400,,,http://localhost:5000/api/v1/register,,
http_req_sending,1700186055,0.000000,,,1400,false,,POST,http://localhost:5000/api/v1/register,HTTP/1.1,default,,400,,,http://localhost:5000/api/v1/register,,
http_req_waiting,1700186055,20.731700,,,1400,false,,POST,http://localhost:5000/api/v1/register,HTTP/1.1,default,,400,,,http://localhost:5000/api/v1/register,,
http_req_receiving,1700186055,0.000000,,,1400,false,,POST,http://localhost:5000/api/v1/register,HTTP/1.1,default,,400,,,http://localhost:5000/api/v1/register,,
http_req_failed,1700186055,1.000000,,,1400,false,,POST,http://localhost:5000/api/v1/register,HTTP/1.1,default,,400,,,http://localhost:5000/api/v1/register,,
data_sent,1700186055,247.000000,,,,,,,,,default,,,,,,,
data_received,1700186055,235.000000,,,,,,,,,default,,,,,,,
iteration_duration,1700186055,21.763100,,,,,,,,,default,,,,,,,
iterations,1700186055,1.000000,,,,,,,,,default,,,,,,,
http_reqs,1700186055,1.000000,,,,true,,POST,http://localhost:5000/api/v1/register,HTTP/1.1,default,,201,,,http://localhost:5000/api/v1/register,,
http_req_duration,1700186055,1492.109000,,,,true,,POST,http://localhost:5000/api/v1/register,HTTP/1.1,default,,201,,,http://localhost:5000/api/v1/register,,
http_req_blocked,1700186055,0.508700,,,,true,,POST,http://localhost:5000/api/v1/register,HTTP/1.1,default,,201,,,http://localhost:5000/api/v1/register,,
http_req_connecting,1700186055,0.508700,,,,true,,POST,http://localhost:5000/api/v1/register,HTTP/1.1,default,,201,,,http://localhost:5000/api/v1/register,,
http_req_tls_handshaking,1700186055,0.000000,,,,true,,POST,http://localhost:5000/api/v1/register,HTTP/1.1,default,,201,,,http://localhost:5000/api/v1/register,,
http_req_sending,1700186055,0.000000,,,,true,,POST,http://localhost:5000/api/v1/register,HTTP/1.1,default,,201,,,http://localhost:5000/api/v1/register,,
http_req_waiting,1700186055,1492.109000,,,,true,,POST,http://localhost:5000/api/v1/register,HTTP/1.1,default,,201,,,http://localhost:5000/api/v1/register,,
http_req_receiving,1700186055,0.000000,,,,true,,POST,http://localhost:5000/api/v1/register,HTTP/1.1,default,,201,,,http://localhost:5000/api/v1/register,,
http_req_failed,1700186055,0.000000,,,,true,,POST,http://localhost:5000/api/v1/register,HTTP/1.1,default,,201,,,http://localhost:5000/api/v1/register,,
data_sent,1700186055,247.000000,,,,,,,,,default,,,,,,,
data_received,1700186055,479.000000,,,,,,,,,default,,,,,,,
iteration_duration,1700186055,1492.611300,,,,,,,,,default,,,,,,,
iterations,1700186055,1.000000,,,,,,,,,default,,,,,,,
http_reqs,1700186055,1.000000,,,1400,false,,POST,http://localhost:5000/api/v1/register,HTTP/1.1,default,,400,,,http://localhost:5000/api/v1/register,,
http_req_duration,1700186055,24.461600,,,1400,false,,POST,http://localhost:5000/api/v1/register,HTTP/1.1,default,,400,,,http://localhost:5000/api/v1/register,,
http_req_blocked,1700186055,0.514800,,,1400,false,,POST,http://localhost:5000/api/v1/register,HTTP/1.1,default,,400,,,http://localhost:5000/api/v1/register,,
http_req_connecting,1700186055,0.000000,,,1400,false,,POST,http://localhost:5000/api/v1/register,HTTP/1.1,default,,400,,,http://localhost:5000/api/v1/register,,
http_req_tls_handshaking,1700186055,0.000000,,,1400,false,,POST,http://localhost:5000/api/v1/register,HTTP/1.1,default,,400,,,http://localhost:5000/api/v1/register,,
http_req_sending,1700186055,0.514800,,,1400,false,,POST,http://localhost:5000/api/v1/register,HTTP/1.1,default,,400,,,http://localhost:5000/api/v1/register,,
http_req_waiting,1700186055,23.946800,,,1400,false,,POST,http://localhost:5000/api/v1/register,HTTP/1.1,default,,400,,,http://localhost:5000/api/v1/register,,
http_req_receiving,1700186055,0.000000,,,1400,false,,POST,http://localhost:5000/api/v1/register,HTTP/1.1,default,,400,,,http://localhost:5000/api/v1/register,,
http_req_failed,1700186055,1.000000,,,1400,false,,POST,http://localhost:5000/api/v1/register,HTTP/1.1,default,,400,,,http://localhost:5000/api/v1/register,,
data_sent,1700186055,247.000000,,,,,,,,,default,,,,,,,
data_received,1700186055,235.000000,,,,,,,,,default,,,,,,,
iteration_duration,1700186055,24.461500,,,,,,,,,default,,,,,,,
iterations,1700186055,1.000000,,,,,,,,,default,,,,,,,
http_reqs,1700186055,1.000000,,,,true,,POST,http://localhost:5000/api/v1/register,HTTP/1.1,default,,201,,,http://localhost:5000/api/v1/register,,
http_req_duration,1700186055,1540.515700,,,,true,,POST,http://localhost:5000/api/v1/register,HTTP/1.1,default,,201,,,http://localhost:5000/api/v1/register,,
http_req_blocked,1700186055,0.508700,,,,true,,POST,http://localhost:5000/api/v1/register,HTTP/1.1,default,,201,,,http://localhost:5000/api/v1/register,,
http_req_connecting,1700186055,0.508700,,,,true,,POST,http://localhost:5000/api/v1/register,HTTP/1.1,default,,201,,,http://localhost:5000/api/v1/register,,
http_req_tls_handshaking,1700186055,0.000000,,,,true,,POST,http://localhost:5000/api/v1/register,HTTP/1.1,default,,201,,,http://localhost:5000/api/v1/register,,
http_req_sending,1700186055,0.000000,,,,true,,POST,http://localhost:5000/api/v1/register,HTTP/1.1,default,,201,,,http://localhost:5000/api/v1/register,,
http_req_waiting,1700186055,1535.648800,,,,true,,POST,http://localhost:5000/api/v1/register,HTTP/1.1,default,,201,,,http://localhost:5000/api/v1/register,,
http_req_receiving,1700186055,4.866900,,,,true,,POST,http://localhost:5000/api/v1/register,HTTP/1.1,default,,201,,,http://localhost:5000/api/v1/register,,
http_req_failed,1700186055,0.000000,,,,true,,POST,http://localhost:5000/api/v1/register,HTTP/1.1,default,,201,,,http://localhost:5000/api/v1/register,,
data_sent,1700186055,247.000000,,,,,,,,,default,,,,,,,
data_received,1700186055,479.000000,,,,,,,,,default,,,,,,,
iteration_duration,1700186055,1541.017800,,,,,,,,,default,,,,,,,
iterations,1700186055,1.000000,,,,,,,,,default,,,,,,,
http_reqs,1700186055,1.000000,,,,true,,POST,http://localhost:5000/api/v1/register,HTTP/1.1,default,,201,,,http://localhost:5000/api/v1/register,,
http_req_duration,1700186055,1542.685800,,,,true,,POST,http://localhost:5000/api/v1/register,HTTP/1.1,default,,201,,,http://localhost:5000/api/v1/register,,
http_req_blocked,1700186055,0.508700,,,,true,,POST,http://localhost:5000/api/v1/register,HTTP/1.1,default,,201,,,http://localhost:5000/api/v1/register,,
http_req_connecting,1700186055,0.000000,,,,true,,POST,http://localhost:5000/api/v1/register,HTTP/1.1,default,,201,,,http://localhost:5000/api/v1/register,,
http_req_tls_handshaking,1700186055,0.000000,,,,true,,POST,http://localhost:5000/api/v1/register,HTTP/1.1,default,,201,,,http://localhost:5000/api/v1/register,,
http_req_sending,1700186055,0.000000,,,,true,,POST,http://localhost:5000/api/v1/register,HTTP/1.1,default,,201,,,http://localhost:5000/api/v1/register,,
http_req_waiting,1700186055,1542.153000,,,,true,,POST,http://localhost:5000/api/v1/register,HTTP/1.1,default,,201,,,http://localhost:5000/api/v1/register,,
http_req_receiving,1700186055,0.532800,,,,true,,POST,http://localhost:5000/api/v1/register,HTTP/1.1,default,,201,,,http://localhost:5000/api/v1/register,,
http_req_failed,1700186055,0.000000,,,,true,,POST,http://localhost:5000/api/v1/register,HTTP/1.1,default,,201,,,http://localhost:5000/api/v1/register,,
data_sent,1700186055,247.000000,,,,,,,,,default,,,,,,,
data_received,1700186055,479.000000,,,,,,,,,default,,,,,,,
iteration_duration,1700186055,1543.187900,,,,,,,,,default,,,,,,,
iterations,1700186055,1.000000,,,,,,,,,default,,,,,,,
http_reqs,1700186055,1.000000,,,1400,false,,POST,http://localhost:5000/api/v1/register,HTTP/1.1,default,,400,,,http://localhost:5000/api/v1/register,,
http_req_duration,1700186055,11.789200,,,1400,false,,POST,http://localhost:5000/api/v1/register,HTTP/1.1,default,,400,,,http://localhost:5000/api/v1/register,,
http_req_blocked,1700186055,0.558300,,,1400,false,,POST,http://localhost:5000/api/v1/register,HTTP/1.1,default,,400,,,http://localhost:5000/api/v1/register,,
http_req_connecting,1700186055,0.558300,,,1400,false,,POST,http://localhost:5000/api/v1/register,HTTP/1.1,default,,400,,,http://localhost:5000/api/v1/register,,
http_req_tls_handshaking,1700186055,0.000000,,,1400,false,,POST,http://localhost:5000/api/v1/register,HTTP/1.1,default,,400,,,http://localhost:5000/api/v1/register,,
http_req_sending,1700186055,0.000000,,,1400,false,,POST,http://localhost:5000/api/v1/register,HTTP/1.1,default,,400,,,http://localhost:5000/api/v1/register,,
http_req_waiting,1700186055,11.263200,,,1400,false,,POST,http://localhost:5000/api/v1/register,HTTP/1.1,default,,400,,,http://localhost:5000/api/v1/register,,
http_req_receiving,1700186055,0.526000,,,1400,false,,POST,http://localhost:5000/api/v1/register,HTTP/1.1,default,,400,,,http://localhost:5000/api/v1/register,,
http_req_failed,1700186055,1.000000,,,1400,false,,POST,http://localhost:5000/api/v1/register,HTTP/1.1,default,,400,,,http://localhost:5000/api/v1/register,,
data_sent,1700186055,247.000000,,,,,,,,,default,,,,,,,
data_received,1700186055,235.000000,,,,,,,,,default,,,,,,,
iteration_duration,1700186055,12.347400,,,,,,,,,default,,,,,,,
iterations,1700186055,1.000000,,,,,,,,,default,,,,,,,
http_reqs,1700186055,1.000000,,,1400,false,,POST,http://localhost:5000/api/v1/register,HTTP/1.1,default,,400,,,http://localhost:5000/api/v1/register,,
http_req_duration,1700186055,18.068300,,,1400,false,,POST,http://localhost:5000/api/v1/register,HTTP/1.1,default,,400,,,http://localhost:5000/api/v1/register,,
http_req_blocked,1700186055,0.000000,,,1400,false,,POST,http://localhost:5000/api/v1/register,HTTP/1.1,default,,400,,,http://localhost:5000/api/v1/register,,
http_req_connecting,1700186055,0.000000,,,1400,false,,POST,http://localhost:5000/api/v1/register,HTTP/1.1,default,,400,,,http://localhost:5000/api/v1/register,,
http_req_tls_handshaking,1700186055,0.000000,,,1400,false,,POST,http://localhost:5000/api/v1/register,HTTP/1.1,default,,400,,,http://localhost:5000/api/v1/register,,
http_req_sending,1700186055,0.000000,,,1400,false,,POST,http://localhost:5000/api/v1/register,HTTP/1.1,default,,400,,,http://localhost:5000/api/v1/register,,
http_req_waiting,1700186055,17.560100,,,1400,false,,POST,http://localhost:5000/api/v1/register,HTTP/1.1,default,,400,,,http://localhost:5000/api/v1/register,,
http_req_receiving,1700186055,0.508200,,,1400,false,,POST,http://localhost:5000/api/v1/register,HTTP/1.1,default,,400,,,http://localhost:5000/api/v1/register,,
http_req_failed,1700186055,1.000000,,,1400,false,,POST,http://localhost:5000/api/v1/register,HTTP/1.1,default,,400,,,http://localhost:5000/api/v1/register,,
data_sent,1700186055,247.000000,,,,,,,,,default,,,,,,,
data_received,1700186055,235.000000,,,,,,,,,default,,,,,,,
iteration_duration,1700186055,18.068200,,,,,,,,,default,,,,,,,
iterations,1700186055,1.000000,,,,,,,,,default,,,,,,,
http_reqs,1700186055,1.000000,,,,true,,POST,http://localhost:5000/api/v1/register,HTTP/1.1,default,,201,,,http://localhost:5000/api/v1/register,,
http_req_duration,1700186055,1573.012400,,,,true,,POST,http://localhost:5000/api/v1/register,HTTP/1.1,default,,201,,,http://localhost:5000/api/v1/register,,
http_req_blocked,1700186055,0.508700,,,,true,,POST,http://localhost:5000/api/v1/register,HTTP/1.1,default,,201,,,http://localhost:5000/api/v1/register,,
http_req_connecting,1700186055,0.508700,,,,true,,POST,http://localhost:5000/api/v1/register,HTTP/1.1,default,,201,,,http://localhost:5000/api/v1/register,,
http_req_tls_handshaking,1700186055,0.000000,,,,true,,POST,http://localhost:5000/api/v1/register,HTTP/1.1,default,,201,,,http://localhost:5000/api/v1/register,,
http_req_sending,1700186055,0.000000,,,,true,,POST,http://localhost:5000/api/v1/register,HTTP/1.1,default,,201,,,http://localhost:5000/api/v1/register,,
http_req_waiting,1700186055,1572.479500,,,,true,,POST,http://localhost:5000/api/v1/register,HTTP/1.1,default,,201,,,http://localhost:5000/api/v1/register,,
http_req_receiving,1700186055,0.532900,,,,true,,POST,http://localhost:5000/api/v1/register,HTTP/1.1,default,,201,,,http://localhost:5000/api/v1/register,,
http_req_failed,1700186055,0.000000,,,,true,,POST,http://localhost:5000/api/v1/register,HTTP/1.1,default,,201,,,http://localhost:5000/api/v1/register,,
data_sent,1700186055,247.000000,,,,,,,,,default,,,,,,,
data_received,1700186055,479.000000,,,,,,,,,default,,,,,,,
iteration_duration,1700186055,1573.713800,,,,,,,,,default,,,,,,,
iterations,1700186055,1.000000,,,,,,,,,default,,,,,,,
http_reqs,1700186055,1.000000,,,1400,false,,POST,http://localhost:5000/api/v1/register,HTTP/1.1,default,,400,,,http://localhost:5000/api/v1/register,,
http_req_duration,1700186055,75.613300,,,1400,false,,POST,http://localhost:5000/api/v1/register,HTTP/1.1,default,,400,,,http://localhost:5000/api/v1/register,,
http_req_blocked,1700186055,1.212700,,,1400,false,,POST,http://localhost:5000/api/v1/register,HTTP/1.1,default,,400,,,http://localhost:5000/api/v1/register,,
http_req_connecting,1700186055,0.684500,,,1400,false,,POST,http://localhost:5000/api/v1/register,HTTP/1.1,default,,400,,,http://localhost:5000/api/v1/register,,
http_req_tls_handshaking,1700186055,0.000000,,,1400,false,,POST,http://localhost:5000/api/v1/register,HTTP/1.1,default,,400,,,http://localhost:5000/api/v1/register,,
http_req_sending,1700186055,0.000000,,,1400,false,,POST,http://localhost:5000/api/v1/register,HTTP/1.1,default,,400,,,http://localhost:5000/api/v1/register,,
http_req_waiting,1700186055,75.106000,,,1400,false,,POST,http://localhost:5000/api/v1/register,HTTP/1.1,default,,400,,,http://localhost:5000/api/v1/register,,
http_req_receiving,1700186055,0.507300,,,1400,false,,POST,http://localhost:5000/api/v1/register,HTTP/1.1,default,,400,,,http://localhost:5000/api/v1/register,,
http_req_failed,1700186055,1.000000,,,1400,false,,POST,http://localhost:5000/api/v1/register,HTTP/1.1,default,,400,,,http://localhost:5000/api/v1/register,,
data_sent,1700186055,247.000000,,,,,,,,,default,,,,,,,
data_received,1700186055,235.000000,,,,,,,,,default,,,,,,,
iteration_duration,1700186055,76.825700,,,,,,,,,default,,,,,,,
iterations,1700186055,1.000000,,,,,,,,,default,,,,,,,
http_reqs,1700186055,1.000000,,,1400,false,,POST,http://localhost:5000/api/v1/register,HTTP/1.1,default,,400,,,http://localhost:5000/api/v1/register,,
http_req_duration,1700186055,86.581100,,,1400,false,,POST,http://localhost:5000/api/v1/register,HTTP/1.1,default,,400,,,http://localhost:5000/api/v1/register,,
http_req_blocked,1700186055,1.360900,,,1400,false,,POST,http://localhost:5000/api/v1/register,HTTP/1.1,default,,400,,,http://localhost:5000/api/v1/register,,
http_req_connecting,1700186055,0.843600,,,1400,false,,POST,http://localhost:5000/api/v1/register,HTTP/1.1,default,,400,,,http://localhost:5000/api/v1/register,,
http_req_tls_handshaking,1700186055,0.000000,,,1400,false,,POST,http://localhost:5000/api/v1/register,HTTP/1.1,default,,400,,,http://localhost:5000/api/v1/register,,
http_req_sending,1700186055,0.517300,,,1400,false,,POST,http://localhost:5000/api/v1/register,HTTP/1.1,default,,400,,,http://localhost:5000/api/v1/register,,
http_req_waiting,1700186055,85.556500,,,1400,false,,POST,http://localhost:5000/api/v1/register,HTTP/1.1,default,,400,,,http://localhost:5000/api/v1/register,,
http_req_receiving,1700186055,0.507300,,,1400,false,,POST,http://localhost:5000/api/v1/register,HTTP/1.1,default,,400,,,http://localhost:5000/api/v1/register,,
http_req_failed,1700186055,1.000000,,,1400,false,,POST,http://localhost:5000/api/v1/register,HTTP/1.1,default,,400,,,http://localhost:5000/api/v1/register,,
data_sent,1700186055,247.000000,,,,,,,,,default,,,,,,,
data_received,1700186055,235.000000,,,,,,,,,default,,,,,,,
iteration_duration,1700186055,87.931000,,,,,,,,,default,,,,,,,
iterations,1700186055,1.000000,,,,,,,,,default,,,,,,,
http_reqs,1700186055,1.000000,,,1400,false,,POST,http://localhost:5000/api/v1/register,HTTP/1.1,default,,400,,,http://localhost:5000/api/v1/register,,
http_req_duration,1700186055,82.128200,,,1400,false,,POST,http://localhost:5000/api/v1/register,HTTP/1.1,default,,400,,,http://localhost:5000/api/v1/register,,
http_req_blocked,1700186055,1.053900,,,1400,false,,POST,http://localhost:5000/api/v1/register,HTTP/1.1,default,,400,,,http://localhost:5000/api/v1/register,,
http_req_connecting,1700186055,1.053900,,,1400,false,,POST,http://localhost:5000/api/v1/register,HTTP/1.1,default,,400,,,http://localhost:5000/api/v1/register,,
http_req_tls_handshaking,1700186055,0.000000,,,1400,false,,POST,http://localhost:5000/api/v1/register,HTTP/1.1,default,,400,,,http://localhost:5000/api/v1/register,,
http_req_sending,1700186055,0.000000,,,1400,false,,POST,http://localhost:5000/api/v1/register,HTTP/1.1,default,,400,,,http://localhost:5000/api/v1/register,,
http_req_waiting,1700186055,81.618900,,,1400,false,,POST,http://localhost:5000/api/v1/register,HTTP/1.1,default,,400,,,http://localhost:5000/api/v1/register,,
http_req_receiving,1700186055,0.509300,,,1400,false,,POST,http://localhost:5000/api/v1/register,HTTP/1.1,default,,400,,,http://localhost:5000/api/v1/register,,
http_req_failed,1700186055,1.000000,,,1400,false,,POST,http://localhost:5000/api/v1/register,HTTP/1.1,default,,400,,,http://localhost:5000/api/v1/register,,
data_sent,1700186055,247.000000,,,,,,,,,default,,,,,,,
data_received,1700186055,235.000000,,,,,,,,,default,,,,,,,
iteration_duration,1700186055,83.181700,,,,,,,,,default,,,,,,,
iterations,1700186055,1.000000,,,,,,,,,default,,,,,,,
http_reqs,1700186055,1.000000,,,1400,false,,POST,http://localhost:5000/api/v1/register,HTTP/1.1,default,,400,,,http://localhost:5000/api/v1/register,,
http_req_duration,1700186055,63.879300,,,1400,false,,POST,http://localhost:5000/api/v1/register,HTTP/1.1,default,,400,,,http://localhost:5000/api/v1/register,,
http_req_blocked,1700186055,0.533500,,,1400,false,,POST,http://localhost:5000/api/v1/register,HTTP/1.1,default,,400,,,http://localhost:5000/api/v1/register,,
http_req_connecting,1700186055,0.533500,,,1400,false,,POST,http://localhost:5000/api/v1/register,HTTP/1.1,default,,400,,,http://localhost:5000/api/v1/register,,
http_req_tls_handshaking,1700186055,0.000000,,,1400,false,,POST,http://localhost:5000/api/v1/register,HTTP/1.1,default,,400,,,http://localhost:5000/api/v1/register,,
http_req_sending,1700186055,0.000000,,,1400,false,,POST,http://localhost:5000/api/v1/register,HTTP/1.1,default,,400,,,http://localhost:5000/api/v1/register,,
http_req_waiting,1700186055,63.879300,,,1400,false,,POST,http://localhost:5000/api/v1/register,HTTP/1.1,default,,400,,,http://localhost:5000/api/v1/register,,
http_req_receiving,1700186055,0.000000,,,1400,false,,POST,http://localhost:5000/api/v1/register,HTTP/1.1,default,,400,,,http://localhost:5000/api/v1/register,,
http_req_failed,1700186055,1.000000,,,1400,false,,POST,http://localhost:5000/api/v1/register,HTTP/1.1,default,,400,,,http://localhost:5000/api/v1/register,,
data_sent,1700186055,247.000000,,,,,,,,,default,,,,,,,
data_received,1700186055,235.000000,,,,,,,,,default,,,,,,,
iteration_duration,1700186055,64.412500,,,,,,,,,default,,,,,,,
iterations,1700186055,1.000000,,,,,,,,,default,,,,,,,
http_reqs,1700186055,1.000000,,,1400,false,,POST,http://localhost:5000/api/v1/register,HTTP/1.1,default,,400,,,http://localhost:5000/api/v1/register,,
http_req_duration,1700186055,91.068400,,,1400,false,,POST,http://localhost:5000/api/v1/register,HTTP/1.1,default,,400,,,http://localhost:5000/api/v1/register,,
http_req_blocked,1700186055,0.521600,,,1400,false,,POST,http://localhost:5000/api/v1/register,HTTP/1.1,default,,400,,,http://localhost:5000/api/v1/register,,
http_req_connecting,1700186055,0.521600,,,1400,false,,POST,http://localhost:5000/api/v1/register,HTTP/1.1,default,,400,,,http://localhost:5000/api/v1/register,,
http_req_tls_handshaking,1700186055,0.000000,,,1400,false,,POST,http://localhost:5000/api/v1/register,HTTP/1.1,default,,400,,,http://localhost:5000/api/v1/register,,
http_req_sending,1700186055,0.000000,,,1400,false,,POST,http://localhost:5000/api/v1/register,HTTP/1.1,default,,400,,,http://localhost:5000/api/v1/register,,
http_req_waiting,1700186055,91.068400,,,1400,false,,POST,http://localhost:5000/api/v1/register,HTTP/1.1,default,,400,,,http://localhost:5000/api/v1/register,,
http_req_receiving,1700186055,0.000000,,,1400,false,,POST,http://localhost:5000/api/v1/register,HTTP/1.1,default,,400,,,http://localhost:5000/api/v1/register,,
http_req_failed,1700186055,1.000000,,,1400,false,,POST,http://localhost:5000/api/v1/register,HTTP/1.1,default,,400,,,http://localhost:5000/api/v1/register,,
data_sent,1700186055,247.000000,,,,,,,,,default,,,,,,,
data_received,1700186055,235.000000,,,,,,,,,default,,,,,,,
iteration_duration,1700186055,91.589600,,,,,,,,,default,,,,,,,
iterations,1700186055,1.000000,,,,,,,,,default,,,,,,,
http_reqs,1700186055,1.000000,,,1400,false,,POST,http://localhost:5000/api/v1/register,HTTP/1.1,default,,400,,,http://localhost:5000/api/v1/register,,
http_req_duration,1700186055,63.879300,,,1400,false,,POST,http://localhost:5000/api/v1/register,HTTP/1.1,default,,400,,,http://localhost:5000/api/v1/register,,
http_req_blocked,1700186055,0.533500,,,1400,false,,POST,http://localhost:5000/api/v1/register,HTTP/1.1,default,,400,,,http://localhost:5000/api/v1/register,,
http_req_connecting,1700186055,0.533500,,,1400,false,,POST,http://localhost:5000/api/v1/register,HTTP/1.1,default,,400,,,http://localhost:5000/api/v1/register,,
http_req_tls_handshaking,1700186055,0.000000,,,1400,false,,POST,http://localhost:5000/api/v1/register,HTTP/1.1,default,,400,,,http://localhost:5000/api/v1/register,,
http_req_sending,1700186055,0.000000,,,1400,false,,POST,http://localhost:5000/api/v1/register,HTTP/1.1,default,,400,,,http://localhost:5000/api/v1/register,,
http_req_waiting,1700186055,63.879300,,,1400,false,,POST,http://localhost:5000/api/v1/register,HTTP/1.1,default,,400,,,http://localhost:5000/api/v1/register,,
http_req_receiving,1700186055,0.000000,,,1400,false,,POST,http://localhost:5000/api/v1/register,HTTP/1.1,default,,400,,,http://localhost:5000/api/v1/register,,
http_req_failed,1700186055,1.000000,,,1400,false,,POST,http://localhost:5000/api/v1/register,HTTP/1.1,default,,400,,,http://localhost:5000/api/v1/register,,
data_sent,1700186055,247.000000,,,,,,,,,default,,,,,,,
data_received,1700186055,235.000000,,,,,,,,,default,,,,,,,
iteration_duration,1700186055,64.412500,,,,,,,,,default,,,,,,,
iterations,1700186055,1.000000,,,,,,,,,default,,,,,,,
http_reqs,1700186055,1.000000,,,1400,false,,POST,http://localhost:5000/api/v1/register,HTTP/1.1,default,,400,,,http://localhost:5000/api/v1/register,,
http_req_duration,1700186055,73.800900,,,1400,false,,POST,http://localhost:5000/api/v1/register,HTTP/1.1,default,,400,,,http://localhost:5000/api/v1/register,,
http_req_blocked,1700186055,0.506500,,,1400,false,,POST,http://localhost:5000/api/v1/register,HTTP/1.1,default,,400,,,http://localhost:5000/api/v1/register,,
http_req_connecting,1700186055,0.506500,,,1400,false,,POST,http://localhost:5000/api/v1/register,HTTP/1.1,default,,400,,,http://localhost:5000/api/v1/register,,
http_req_tls_handshaking,1700186055,0.000000,,,1400,false,,POST,http://localhost:5000/api/v1/register,HTTP/1.1,default,,400,,,http://localhost:5000/api/v1/register,,
http_req_sending,1700186055,0.000000,,,1400,false,,POST,http://localhost:5000/api/v1/register,HTTP/1.1,default,,400,,,http://localhost:5000/api/v1/register,,
http_req_waiting,1700186055,73.800900,,,1400,false,,POST,http://localhost:5000/api/v1/register,HTTP/1.1,default,,400,,,http://localhost:5000/api/v1/register,,
http_req_receiving,1700186055,0.000000,,,1400,false,,POST,http://localhost:5000/api/v1/register,HTTP/1.1,default,,400,,,http://localhost:5000/api/v1/register,,
http_req_failed,1700186055,1.000000,,,1400,false,,POST,http://localhost:5000/api/v1/register,HTTP/1.1,default,,400,,,http://localhost:5000/api/v1/register,,
data_sent,1700186055,247.000000,,,,,,,,,default,,,,,,,
data_received,1700186055,235.000000,,,,,,,,,default,,,,,,,
iteration_duration,1700186055,74.812600,,,,,,,,,default,,,,,,,
iterations,1700186055,1.000000,,,,,,,,,default,,,,,,,
http_reqs,1700186055,1.000000,,,1400,false,,POST,http://localhost:5000/api/v1/register,HTTP/1.1,default,,400,,,http://localhost:5000/api/v1/register,,
http_req_duration,1700186055,23.930100,,,1400,false,,POST,http://localhost:5000/api/v1/register,HTTP/1.1,default,,400,,,http://localhost:5000/api/v1/register,,
http_req_blocked,1700186055,0.000000,,,1400,false,,POST,http://localhost:5000/api/v1/register,HTTP/1.1,default,,400,,,http://localhost:5000/api/v1/register,,
http_req_connecting,1700186055,0.000000,,,1400,false,,POST,http://localhost:5000/api/v1/register,HTTP/1.1,default,,400,,,http://localhost:5000/api/v1/register,,
http_req_tls_handshaking,1700186055,0.000000,,,1400,false,,POST,http://localhost:5000/api/v1/register,HTTP/1.1,default,,400,,,http://localhost:5000/api/v1/register,,
http_req_sending,1700186055,0.000000,,,1400,false,,POST,http://localhost:5000/api/v1/register,HTTP/1.1,default,,400,,,http://localhost:5000/api/v1/register,,
http_req_waiting,1700186055,23.930100,,,1400,false,,POST,http://localhost:5000/api/v1/register,HTTP/1.1,default,,400,,,http://localhost:5000/api/v1/register,,
http_req_receiving,1700186055,0.000000,,,1400,false,,POST,http://localhost:5000/api/v1/register,HTTP/1.1,default,,400,,,http://localhost:5000/api/v1/register,,
http_req_failed,1700186055,1.000000,,,1400,false,,POST,http://localhost:5000/api/v1/register,HTTP/1.1,default,,400,,,http://localhost:5000/api/v1/register,,
data_sent,1700186055,247.000000,,,,,,,,,default,,,,,,,
data_received,1700186055,235.000000,,,,,,,,,default,,,,,,,
iteration_duration,1700186055,24.939000,,,,,,,,,default,,,,,,,
iterations,1700186055,1.000000,,,,,,,,,default,,,,,,,
http_reqs,1700186055,1.000000,,,1400,false,,POST,http://localhost:5000/api/v1/register,HTTP/1.1,default,,400,,,http://localhost:5000/api/v1/register,,
http_req_duration,1700186055,28.066600,,,1400,false,,POST,http://localhost:5000/api/v1/register,HTTP/1.1,default,,400,,,http://localhost:5000/api/v1/register,,
http_req_blocked,1700186055,0.000000,,,1400,false,,POST,http://localhost:5000/api/v1/register,HTTP/1.1,default,,400,,,http://localhost:5000/api/v1/register,,
http_req_connecting,1700186055,0.000000,,,1400,false,,POST,http://localhost:5000/api/v1/register,HTTP/1.1,default,,400,,,http://localhost:5000/api/v1/register,,
http_req_tls_handshaking,1700186055,0.000000,,,1400,false,,POST,http://localhost:5000/api/v1/register,HTTP/1.1,default,,400,,,http://localhost:5000/api/v1/register,,
http_req_sending,1700186055,0.000000,,,1400,false,,POST,http://localhost:5000/api/v1/register,HTTP/1.1,default,,400,,,http://localhost:5000/api/v1/register,,
http_req_waiting,1700186055,24.939100,,,1400,false,,POST,http://localhost:5000/api/v1/register,HTTP/1.1,default,,400,,,http://localhost:5000/api/v1/register,,
http_req_receiving,1700186055,3.127500,,,1400,false,,POST,http://localhost:5000/api/v1/register,HTTP/1.1,default,,400,,,http://localhost:5000/api/v1/register,,
http_req_failed,1700186055,1.000000,,,1400,false,,POST,http://localhost:5000/api/v1/register,HTTP/1.1,default,,400,,,http://localhost:5000/api/v1/register,,
data_sent,1700186055,247.000000,,,,,,,,,default,,,,,,,
data_received,1700186055,235.000000,,,,,,,,,default,,,,,,,
iteration_duration,1700186055,28.066500,,,,,,,,,default,,,,,,,
iterations,1700186055,1.000000,,,,,,,,,default,,,,,,,
http_reqs,1700186055,1.000000,,,1400,false,,POST,http://localhost:5000/api/v1/register,HTTP/1.1,default,,400,,,http://localhost:5000/api/v1/register,,
http_req_duration,1700186055,35.529800,,,1400,false,,POST,http://localhost:5000/api/v1/register,HTTP/1.1,default,,400,,,http://localhost:5000/api/v1/register,,
http_req_blocked,1700186055,0.517000,,,1400,false,,POST,http://localhost:5000/api/v1/register,HTTP/1.1,default,,400,,,http://localhost:5000/api/v1/register,,
http_req_connecting,1700186055,0.517000,,,1400,false,,POST,http://localhost:5000/api/v1/register,HTTP/1.1,default,,400,,,http://localhost:5000/api/v1/register,,
http_req_tls_handshaking,1700186055,0.000000,,,1400,false,,POST,http://localhost:5000/api/v1/register,HTTP/1.1,default,,400,,,http://localhost:5000/api/v1/register,,
http_req_sending,1700186055,0.000000,,,1400,false,,POST,http://localhost:5000/api/v1/register,HTTP/1.1,default,,400,,,http://localhost:5000/api/v1/register,,
http_req_waiting,1700186055,34.448300,,,1400,false,,POST,http://localhost:5000/api/v1/register,HTTP/1.1,default,,400,,,http://localhost:5000/api/v1/register,,
http_req_receiving,1700186055,1.081500,,,1400,false,,POST,http://localhost:5000/api/v1/register,HTTP/1.1,default,,400,,,http://localhost:5000/api/v1/register,,
http_req_failed,1700186055,1.000000,,,1400,false,,POST,http://localhost:5000/api/v1/register,HTTP/1.1,default,,400,,,http://localhost:5000/api/v1/register,,
data_sent,1700186055,247.000000,,,,,,,,,default,,,,,,,
data_received,1700186055,235.000000,,,,,,,,,default,,,,,,,
iteration_duration,1700186055,36.046700,,,,,,,,,default,,,,,,,
iterations,1700186055,1.000000,,,,,,,,,default,,,,,,,
http_reqs,1700186055,1.000000,,,1400,false,,POST,http://localhost:5000/api/v1/register,HTTP/1.1,default,,400,,,http://localhost:5000/api/v1/register,,
http_req_duration,1700186055,15.988600,,,1400,false,,POST,http://localhost:5000/api/v1/register,HTTP/1.1,default,,400,,,http://localhost:5000/api/v1/register,,
http_req_blocked,1700186055,0.529800,,,1400,false,,POST,http://localhost:5000/api/v1/register,HTTP/1.1,default,,400,,,http://localhost:5000/api/v1/register,,
http_req_connecting,1700186055,0.529800,,,1400,false,,POST,http://localhost:5000/api/v1/register,HTTP/1.1,default,,400,,,http://localhost:5000/api/v1/register,,
http_req_tls_handshaking,1700186055,0.000000,,,1400,false,,POST,http://localhost:5000/api/v1/register,HTTP/1.1,default,,400,,,http://localhost:5000/api/v1/register,,
http_req_sending,1700186055,0.000000,,,1400,false,,POST,http://localhost:5000/api/v1/register,HTTP/1.1,default,,400,,,http://localhost:5000/api/v1/register,,
http_req_waiting,1700186055,15.988600,,,1400,false,,POST,http://localhost:5000/api/v1/register,HTTP/1.1,default,,400,,,http://localhost:5000/api/v1/register,,
http_req_receiving,1700186055,0.000000,,,1400,false,,POST,http://localhost:5000/api/v1/register,HTTP/1.1,default,,400,,,http://localhost:5000/api/v1/register,,
http_req_failed,1700186055,1.000000,,,1400,false,,POST,http://localhost:5000/api/v1/register,HTTP/1.1,default,,400,,,http://localhost:5000/api/v1/register,,
data_sent,1700186055,247.000000,,,,,,,,,default,,,,,,,
data_received,1700186055,235.000000,,,,,,,,,default,,,,,,,
iteration_duration,1700186055,17.025700,,,,,,,,,default,,,,,,,
iterations,1700186055,1.000000,,,,,,,,,default,,,,,,,
http_reqs,1700186055,1.000000,,,1400,false,,POST,http://localhost:5000/api/v1/register,HTTP/1.1,default,,400,,,http://localhost:5000/api/v1/register,,
http_req_duration,1700186055,19.488800,,,1400,false,,POST,http://localhost:5000/api/v1/register,HTTP/1.1,default,,400,,,http://localhost:5000/api/v1/register,,
http_req_blocked,1700186055,0.277600,,,1400,false,,POST,http://localhost:5000/api/v1/register,HTTP/1.1,default,,400,,,http://localhost:5000/api/v1/register,,
http_req_connecting,1700186055,0.277600,,,1400,false,,POST,http://localhost:5000/api/v1/register,HTTP/1.1,default,,400,,,http://localhost:5000/api/v1/register,,
http_req_tls_handshaking,1700186055,0.000000,,,1400,false,,POST,http://localhost:5000/api/v1/register,HTTP/1.1,default,,400,,,http://localhost:5000/api/v1/register,,
http_req_sending,1700186055,0.000000,,,1400,false,,POST,http://localhost:5000/api/v1/register,HTTP/1.1,default,,400,,,http://localhost:5000/api/v1/register,,
http_req_waiting,1700186055,19.488800,,,1400,false,,POST,http://localhost:5000/api/v1/register,HTTP/1.1,default,,400,,,http://localhost:5000/api/v1/register,,
http_req_receiving,1700186055,0.000000,,,1400,false,,POST,http://localhost:5000/api/v1/register,HTTP/1.1,default,,400,,,http://localhost:5000/api/v1/register,,
http_req_failed,1700186055,1.000000,,,1400,false,,POST,http://localhost:5000/api/v1/register,HTTP/1.1,default,,400,,,http://localhost:5000/api/v1/register,,
data_sent,1700186055,247.000000,,,,,,,,,default,,,,,,,
data_received,1700186055,235.000000,,,,,,,,,default,,,,,,,
iteration_duration,1700186055,20.289900,,,,,,,,,default,,,,,,,
iterations,1700186055,1.000000,,,,,,,,,default,,,,,,,
http_reqs,1700186055,1.000000,,,1400,false,,POST,http://localhost:5000/api/v1/register,HTTP/1.1,default,,400,,,http://localhost:5000/api/v1/register,,
http_req_duration,1700186055,50.387300,,,1400,false,,POST,http://localhost:5000/api/v1/register,HTTP/1.1,default,,400,,,http://localhost:5000/api/v1/register,,
http_req_blocked,1700186055,0.000000,,,1400,false,,POST,http://localhost:5000/api/v1/register,HTTP/1.1,default,,400,,,http://localhost:5000/api/v1/register,,
http_req_connecting,1700186055,0.000000,,,1400,false,,POST,http://localhost:5000/api/v1/register,HTTP/1.1,default,,400,,,http://localhost:5000/api/v1/register,,
http_req_tls_handshaking,1700186055,0.000000,,,1400,false,,POST,http://localhost:5000/api/v1/register,HTTP/1.1,default,,400,,,http://localhost:5000/api/v1/register,,
http_req_sending,1700186055,0.000000,,,1400,false,,POST,http://localhost:5000/api/v1/register,HTTP/1.1,default,,400,,,http://localhost:5000/api/v1/register,,
http_req_waiting,1700186055,50.387300,,,1400,false,,POST,http://localhost:5000/api/v1/register,HTTP/1.1,default,,400,,,http://localhost:5000/api/v1/register,,
http_req_receiving,1700186055,0.000000,,,1400,false,,POST,http://localhost:5000/api/v1/register,HTTP/1.1,default,,400,,,http://localhost:5000/api/v1/register,,
http_req_failed,1700186055,1.000000,,,1400,false,,POST,http://localhost:5000/api/v1/register,HTTP/1.1,default,,400,,,http://localhost:5000/api/v1/register,,
http_reqs,1700186055,1.000000,,,1400,false,,POST,http://localhost:5000/api/v1/register,HTTP/1.1,default,,400,,,http://localhost:5000/api/v1/register,,
http_req_duration,1700186055,45.954600,,,1400,false,,POST,http://localhost:5000/api/v1/register,HTTP/1.1,default,,400,,,http://localhost:5000/api/v1/register,,
http_req_blocked,1700186055,0.504300,,,1400,false,,POST,http://localhost:5000/api/v1/register,HTTP/1.1,default,,400,,,http://localhost:5000/api/v1/register,,
http_req_connecting,1700186055,0.504300,,,1400,false,,POST,http://localhost:5000/api/v1/register,HTTP/1.1,default,,400,,,http://localhost:5000/api/v1/register,,
http_req_tls_handshaking,1700186055,0.000000,,,1400,false,,POST,http://localhost:5000/api/v1/register,HTTP/1.1,default,,400,,,http://localhost:5000/api/v1/register,,
http_req_sending,1700186055,0.000000,,,1400,false,,POST,http://localhost:5000/api/v1/register,HTTP/1.1,default,,400,,,http://localhost:5000/api/v1/register,,
http_req_waiting,1700186055,45.954600,,,1400,false,,POST,http://localhost:5000/api/v1/register,HTTP/1.1,default,,400,,,http://localhost:5000/api/v1/register,,
http_req_receiving,1700186055,0.000000,,,1400,false,,POST,http://localhost:5000/api/v1/register,HTTP/1.1,default,,400,,,http://localhost:5000/api/v1/register,,
http_req_failed,1700186055,1.000000,,,1400,false,,POST,http://localhost:5000/api/v1/register,HTTP/1.1,default,,400,,,http://localhost:5000/api/v1/register,,
data_sent,1700186055,247.000000,,,,,,,,,default,,,,,,,
data_received,1700186055,235.000000,,,,,,,,,default,,,,,,,
iteration_duration,1700186055,50.387100,,,,,,,,,default,,,,,,,
iterations,1700186055,1.000000,,,,,,,,,default,,,,,,,
data_sent,1700186055,247.000000,,,,,,,,,default,,,,,,,
data_received,1700186055,235.000000,,,,,,,,,default,,,,,,,
iteration_duration,1700186055,46.815500,,,,,,,,,default,,,,,,,
iterations,1700186055,1.000000,,,,,,,,,default,,,,,,,
http_reqs,1700186055,1.000000,,,1400,false,,POST,http://localhost:5000/api/v1/register,HTTP/1.1,default,,400,,,http://localhost:5000/api/v1/register,,
http_req_duration,1700186055,18.666000,,,1400,false,,POST,http://localhost:5000/api/v1/register,HTTP/1.1,default,,400,,,http://localhost:5000/api/v1/register,,
http_req_blocked,1700186055,1.108300,,,1400,false,,POST,http://localhost:5000/api/v1/register,HTTP/1.1,default,,400,,,http://localhost:5000/api/v1/register,,
http_req_connecting,1700186055,1.108300,,,1400,false,,POST,http://localhost:5000/api/v1/register,HTTP/1.1,default,,400,,,http://localhost:5000/api/v1/register,,
http_req_tls_handshaking,1700186055,0.000000,,,1400,false,,POST,http://localhost:5000/api/v1/register,HTTP/1.1,default,,400,,,http://localhost:5000/api/v1/register,,
http_req_sending,1700186055,0.540400,,,1400,false,,POST,http://localhost:5000/api/v1/register,HTTP/1.1,default,,400,,,http://localhost:5000/api/v1/register,,
http_req_waiting,1700186055,18.125600,,,1400,false,,POST,http://localhost:5000/api/v1/register,HTTP/1.1,default,,400,,,http://localhost:5000/api/v1/register,,
http_req_receiving,1700186055,0.000000,,,1400,false,,POST,http://localhost:5000/api/v1/register,HTTP/1.1,default,,400,,,http://localhost:5000/api/v1/register,,
http_req_failed,1700186055,1.000000,,,1400,false,,POST,http://localhost:5000/api/v1/register,HTTP/1.1,default,,400,,,http://localhost:5000/api/v1/register,,
data_sent,1700186055,247.000000,,,,,,,,,default,,,,,,,
data_received,1700186055,235.000000,,,,,,,,,default,,,,,,,
iteration_duration,1700186055,19.774200,,,,,,,,,default,,,,,,,
iterations,1700186055,1.000000,,,,,,,,,default,,,,,,,
http_reqs,1700186055,1.000000,,,1400,false,,POST,http://localhost:5000/api/v1/register,HTTP/1.1,default,,400,,,http://localhost:5000/api/v1/register,,
http_req_duration,1700186055,44.742400,,,1400,false,,POST,http://localhost:5000/api/v1/register,HTTP/1.1,default,,400,,,http://localhost:5000/api/v1/register,,
http_req_blocked,1700186055,0.667400,,,1400,false,,POST,http://localhost:5000/api/v1/register,HTTP/1.1,default,,400,,,http://localhost:5000/api/v1/register,,
http_req_connecting,1700186055,0.667400,,,1400,false,,POST,http://localhost:5000/api/v1/register,HTTP/1.1,default,,400,,,http://localhost:5000/api/v1/register,,
http_req_tls_handshaking,1700186055,0.000000,,,1400,false,,POST,http://localhost:5000/api/v1/register,HTTP/1.1,default,,400,,,http://localhost:5000/api/v1/register,,
http_req_sending,1700186055,0.000000,,,1400,false,,POST,http://localhost:5000/api/v1/register,HTTP/1.1,default,,400,,,http://localhost:5000/api/v1/register,,
http_req_waiting,1700186055,42.623700,,,1400,false,,POST,http://localhost:5000/api/v1/register,HTTP/1.1,default,,400,,,http://localhost:5000/api/v1/register,,
http_req_receiving,1700186055,2.118700,,,1400,false,,POST,http://localhost:5000/api/v1/register,HTTP/1.1,default,,400,,,http://localhost:5000/api/v1/register,,
http_req_failed,1700186055,1.000000,,,1400,false,,POST,http://localhost:5000/api/v1/register,HTTP/1.1,default,,400,,,http://localhost:5000/api/v1/register,,
data_sent,1700186055,247.000000,,,,,,,,,default,,,,,,,
data_received,1700186055,235.000000,,,,,,,,,default,,,,,,,
iteration_duration,1700186055,45.890300,,,,,,,,,default,,,,,,,
iterations,1700186055,1.000000,,,,,,,,,default,,,,,,,
http_reqs,1700186055,1.000000,,,1400,false,,POST,http://localhost:5000/api/v1/register,HTTP/1.1,default,,400,,,http://localhost:5000/api/v1/register,,
http_req_duration,1700186055,47.249700,,,1400,false,,POST,http://localhost:5000/api/v1/register,HTTP/1.1,default,,400,,,http://localhost:5000/api/v1/register,,
http_req_blocked,1700186055,0.667400,,,1400,false,,POST,http://localhost:5000/api/v1/register,HTTP/1.1,default,,400,,,http://localhost:5000/api/v1/register,,
http_req_connecting,1700186055,0.667400,,,1400,false,,POST,http://localhost:5000/api/v1/register,HTTP/1.1,default,,400,,,http://localhost:5000/api/v1/register,,
http_req_tls_handshaking,1700186055,0.000000,,,1400,false,,POST,http://localhost:5000/api/v1/register,HTTP/1.1,default,,400,,,http://localhost:5000/api/v1/register,,
http_req_sending,1700186055,0.000000,,,1400,false,,POST,http://localhost:5000/api/v1/register,HTTP/1.1,default,,400,,,http://localhost:5000/api/v1/register,,
http_req_waiting,1700186055,46.873400,,,1400,false,,POST,http://localhost:5000/api/v1/register,HTTP/1.1,default,,400,,,http://localhost:5000/api/v1/register,,
http_req_receiving,1700186055,0.376300,,,1400,false,,POST,http://localhost:5000/api/v1/register,HTTP/1.1,default,,400,,,http://localhost:5000/api/v1/register,,
http_req_failed,1700186055,1.000000,,,1400,false,,POST,http://localhost:5000/api/v1/register,HTTP/1.1,default,,400,,,http://localhost:5000/api/v1/register,,
data_sent,1700186055,247.000000,,,,,,,,,default,,,,,,,
data_received,1700186055,235.000000,,,,,,,,,default,,,,,,,
iteration_duration,1700186055,47.916900,,,,,,,,,default,,,,,,,
iterations,1700186055,1.000000,,,,,,,,,default,,,,,,,
http_reqs,1700186055,1.000000,,,1400,false,,POST,http://localhost:5000/api/v1/register,HTTP/1.1,default,,400,,,http://localhost:5000/api/v1/register,,
http_req_duration,1700186055,55.821800,,,1400,false,,POST,http://localhost:5000/api/v1/register,HTTP/1.1,default,,400,,,http://localhost:5000/api/v1/register,,
http_req_blocked,1700186055,0.517700,,,1400,false,,POST,http://localhost:5000/api/v1/register,HTTP/1.1,default,,400,,,http://localhost:5000/api/v1/register,,
http_req_connecting,1700186055,0.517700,,,1400,false,,POST,http://localhost:5000/api/v1/register,HTTP/1.1,default,,400,,,http://localhost:5000/api/v1/register,,
http_req_tls_handshaking,1700186055,0.000000,,,1400,false,,POST,http://localhost:5000/api/v1/register,HTTP/1.1,default,,400,,,http://localhost:5000/api/v1/register,,
http_req_sending,1700186055,0.000000,,,1400,false,,POST,http://localhost:5000/api/v1/register,HTTP/1.1,default,,400,,,http://localhost:5000/api/v1/register,,
http_req_waiting,1700186055,54.418400,,,1400,false,,POST,http://localhost:5000/api/v1/register,HTTP/1.1,default,,400,,,http://localhost:5000/api/v1/register,,
http_req_receiving,1700186055,1.403400,,,1400,false,,POST,http://localhost:5000/api/v1/register,HTTP/1.1,default,,400,,,http://localhost:5000/api/v1/register,,
http_req_failed,1700186055,1.000000,,,1400,false,,POST,http://localhost:5000/api/v1/register,HTTP/1.1,default,,400,,,http://localhost:5000/api/v1/register,,
http_reqs,1700186055,1.000000,,,,true,,POST,http://localhost:5000/api/v1/register,HTTP/1.1,default,,201,,,http://localhost:5000/api/v1/register,,
http_req_duration,1700186055,1742.757600,,,,true,,POST,http://localhost:5000/api/v1/register,HTTP/1.1,default,,201,,,http://localhost:5000/api/v1/register,,
http_req_blocked,1700186055,0.986700,,,,true,,POST,http://localhost:5000/api/v1/register,HTTP/1.1,default,,201,,,http://localhost:5000/api/v1/register,,
http_req_connecting,1700186055,0.000000,,,,true,,POST,http://localhost:5000/api/v1/register,HTTP/1.1,default,,201,,,http://localhost:5000/api/v1/register,,
http_req_tls_handshaking,1700186055,0.000000,,,,true,,POST,http://localhost:5000/api/v1/register,HTTP/1.1,default,,201,,,http://localhost:5000/api/v1/register,,
http_req_sending,1700186055,0.000000,,,,true,,POST,http://localhost:5000/api/v1/register,HTTP/1.1,default,,201,,,http://localhost:5000/api/v1/register,,
http_req_waiting,1700186055,1742.757600,,,,true,,POST,http://localhost:5000/api/v1/register,HTTP/1.1,default,,201,,,http://localhost:5000/api/v1/register,,
http_req_receiving,1700186055,0.000000,,,,true,,POST,http://localhost:5000/api/v1/register,HTTP/1.1,default,,201,,,http://localhost:5000/api/v1/register,,
http_req_failed,1700186055,0.000000,,,,true,,POST,http://localhost:5000/api/v1/register,HTTP/1.1,default,,201,,,http://localhost:5000/api/v1/register,,
data_sent,1700186055,247.000000,,,,,,,,,default,,,,,,,
data_received,1700186055,235.000000,,,,,,,,,default,,,,,,,
iteration_duration,1700186055,56.339300,,,,,,,,,default,,,,,,,
iterations,1700186055,1.000000,,,,,,,,,default,,,,,,,
data_sent,1700186055,247.000000,,,,,,,,,default,,,,,,,
data_received,1700186055,479.000000,,,,,,,,,default,,,,,,,
iteration_duration,1700186055,1743.736800,,,,,,,,,default,,,,,,,
iterations,1700186055,1.000000,,,,,,,,,default,,,,,,,
http_reqs,1700186055,1.000000,,,1400,false,,POST,http://localhost:5000/api/v1/register,HTTP/1.1,default,,400,,,http://localhost:5000/api/v1/register,,
http_req_duration,1700186055,56.727900,,,1400,false,,POST,http://localhost:5000/api/v1/register,HTTP/1.1,default,,400,,,http://localhost:5000/api/v1/register,,
http_req_blocked,1700186055,0.465200,,,1400,false,,POST,http://localhost:5000/api/v1/register,HTTP/1.1,default,,400,,,http://localhost:5000/api/v1/register,,
http_req_connecting,1700186055,0.465200,,,1400,false,,POST,http://localhost:5000/api/v1/register,HTTP/1.1,default,,400,,,http://localhost:5000/api/v1/register,,
http_req_tls_handshaking,1700186055,0.000000,,,1400,false,,POST,http://localhost:5000/api/v1/register,HTTP/1.1,default,,400,,,http://localhost:5000/api/v1/register,,
http_req_sending,1700186055,0.000000,,,1400,false,,POST,http://localhost:5000/api/v1/register,HTTP/1.1,default,,400,,,http://localhost:5000/api/v1/register,,
http_req_waiting,1700186055,56.201500,,,1400,false,,POST,http://localhost:5000/api/v1/register,HTTP/1.1,default,,400,,,http://localhost:5000/api/v1/register,,
http_req_receiving,1700186055,0.526400,,,1400,false,,POST,http://localhost:5000/api/v1/register,HTTP/1.1,default,,400,,,http://localhost:5000/api/v1/register,,
http_req_failed,1700186055,1.000000,,,1400,false,,POST,http://localhost:5000/api/v1/register,HTTP/1.1,default,,400,,,http://localhost:5000/api/v1/register,,
data_sent,1700186055,247.000000,,,,,,,,,default,,,,,,,
data_received,1700186055,235.000000,,,,,,,,,default,,,,,,,
iteration_duration,1700186055,57.192900,,,,,,,,,default,,,,,,,
iterations,1700186055,1.000000,,,,,,,,,default,,,,,,,
http_reqs,1700186055,1.000000,,,1400,false,,POST,http://localhost:5000/api/v1/register,HTTP/1.1,default,,400,,,http://localhost:5000/api/v1/register,,
http_req_duration,1700186055,53.894300,,,1400,false,,POST,http://localhost:5000/api/v1/register,HTTP/1.1,default,,400,,,http://localhost:5000/api/v1/register,,
http_req_blocked,1700186055,0.000000,,,1400,false,,POST,http://localhost:5000/api/v1/register,HTTP/1.1,default,,400,,,http://localhost:5000/api/v1/register,,
http_req_connecting,1700186055,0.000000,,,1400,false,,POST,http://localhost:5000/api/v1/register,HTTP/1.1,default,,400,,,http://localhost:5000/api/v1/register,,
http_req_tls_handshaking,1700186055,0.000000,,,1400,false,,POST,http://localhost:5000/api/v1/register,HTTP/1.1,default,,400,,,http://localhost:5000/api/v1/register,,
http_req_sending,1700186055,0.000000,,,1400,false,,POST,http://localhost:5000/api/v1/register,HTTP/1.1,default,,400,,,http://localhost:5000/api/v1/register,,
http_req_waiting,1700186055,52.851800,,,1400,false,,POST,http://localhost:5000/api/v1/register,HTTP/1.1,default,,400,,,http://localhost:5000/api/v1/register,,
http_req_receiving,1700186055,1.042500,,,1400,false,,POST,http://localhost:5000/api/v1/register,HTTP/1.1,default,,400,,,http://localhost:5000/api/v1/register,,
http_req_failed,1700186055,1.000000,,,1400,false,,POST,http://localhost:5000/api/v1/register,HTTP/1.1,default,,400,,,http://localhost:5000/api/v1/register,,
data_sent,1700186055,247.000000,,,,,,,,,default,,,,,,,
data_received,1700186055,235.000000,,,,,,,,,default,,,,,,,
iteration_duration,1700186055,54.418800,,,,,,,,,default,,,,,,,
iterations,1700186055,1.000000,,,,,,,,,default,,,,,,,
http_reqs,1700186055,1.000000,,,,true,,POST,http://localhost:5000/api/v1/register,HTTP/1.1,default,,201,,,http://localhost:5000/api/v1/register,,
http_req_duration,1700186055,1761.377300,,,,true,,POST,http://localhost:5000/api/v1/register,HTTP/1.1,default,,201,,,http://localhost:5000/api/v1/register,,
http_req_blocked,1700186055,0.508700,,,,true,,POST,http://localhost:5000/api/v1/register,HTTP/1.1,default,,201,,,http://localhost:5000/api/v1/register,,
http_req_connecting,1700186055,0.508700,,,,true,,POST,http://localhost:5000/api/v1/register,HTTP/1.1,default,,201,,,http://localhost:5000/api/v1/register,,
http_req_tls_handshaking,1700186055,0.000000,,,,true,,POST,http://localhost:5000/api/v1/register,HTTP/1.1,default,,201,,,http://localhost:5000/api/v1/register,,
http_req_sending,1700186055,0.000000,,,,true,,POST,http://localhost:5000/api/v1/register,HTTP/1.1,default,,201,,,http://localhost:5000/api/v1/register,,
http_req_waiting,1700186055,1761.377300,,,,true,,POST,http://localhost:5000/api/v1/register,HTTP/1.1,default,,201,,,http://localhost:5000/api/v1/register,,
http_req_receiving,1700186055,0.000000,,,,true,,POST,http://localhost:5000/api/v1/register,HTTP/1.1,default,,201,,,http://localhost:5000/api/v1/register,,
http_req_failed,1700186055,0.000000,,,,true,,POST,http://localhost:5000/api/v1/register,HTTP/1.1,default,,201,,,http://localhost:5000/api/v1/register,,
data_sent,1700186055,247.000000,,,,,,,,,default,,,,,,,
data_received,1700186055,479.000000,,,,,,,,,default,,,,,,,
iteration_duration,1700186055,1761.878400,,,,,,,,,default,,,,,,,
iterations,1700186055,1.000000,,,,,,,,,default,,,,,,,
http_reqs,1700186056,1.000000,,,,true,,POST,http://localhost:5000/api/v1/register,HTTP/1.1,default,,201,,,http://localhost:5000/api/v1/register,,
http_req_duration,1700186056,1792.835800,,,,true,,POST,http://localhost:5000/api/v1/register,HTTP/1.1,default,,201,,,http://localhost:5000/api/v1/register,,
http_req_blocked,1700186056,0.000000,,,,true,,POST,http://localhost:5000/api/v1/register,HTTP/1.1,default,,201,,,http://localhost:5000/api/v1/register,,
http_req_connecting,1700186056,0.000000,,,,true,,POST,http://localhost:5000/api/v1/register,HTTP/1.1,default,,201,,,http://localhost:5000/api/v1/register,,
http_req_tls_handshaking,1700186056,0.000000,,,,true,,POST,http://localhost:5000/api/v1/register,HTTP/1.1,default,,201,,,http://localhost:5000/api/v1/register,,
http_req_sending,1700186056,0.508700,,,,true,,POST,http://localhost:5000/api/v1/register,HTTP/1.1,default,,201,,,http://localhost:5000/api/v1/register,,
http_req_waiting,1700186056,1790.822500,,,,true,,POST,http://localhost:5000/api/v1/register,HTTP/1.1,default,,201,,,http://localhost:5000/api/v1/register,,
http_req_receiving,1700186056,1.504600,,,,true,,POST,http://localhost:5000/api/v1/register,HTTP/1.1,default,,201,,,http://localhost:5000/api/v1/register,,
http_req_failed,1700186056,0.000000,,,,true,,POST,http://localhost:5000/api/v1/register,HTTP/1.1,default,,201,,,http://localhost:5000/api/v1/register,,
data_sent,1700186056,247.000000,,,,,,,,,default,,,,,,,
data_received,1700186056,479.000000,,,,,,,,,default,,,,,,,
iteration_duration,1700186056,1792.828100,,,,,,,,,default,,,,,,,
iterations,1700186056,1.000000,,,,,,,,,default,,,,,,,
http_reqs,1700186056,1.000000,,,,true,,POST,http://localhost:5000/api/v1/register,HTTP/1.1,default,,201,,,http://localhost:5000/api/v1/register,,
http_req_duration,1700186056,1867.806000,,,,true,,POST,http://localhost:5000/api/v1/register,HTTP/1.1,default,,201,,,http://localhost:5000/api/v1/register,,
http_req_blocked,1700186056,0.478000,,,,true,,POST,http://localhost:5000/api/v1/register,HTTP/1.1,default,,201,,,http://localhost:5000/api/v1/register,,
http_req_connecting,1700186056,0.478000,,,,true,,POST,http://localhost:5000/api/v1/register,HTTP/1.1,default,,201,,,http://localhost:5000/api/v1/register,,
http_req_tls_handshaking,1700186056,0.000000,,,,true,,POST,http://localhost:5000/api/v1/register,HTTP/1.1,default,,201,,,http://localhost:5000/api/v1/register,,
http_req_sending,1700186056,0.508700,,,,true,,POST,http://localhost:5000/api/v1/register,HTTP/1.1,default,,201,,,http://localhost:5000/api/v1/register,,
http_req_waiting,1700186056,1867.297300,,,,true,,POST,http://localhost:5000/api/v1/register,HTTP/1.1,default,,201,,,http://localhost:5000/api/v1/register,,
http_req_receiving,1700186056,0.000000,,,,true,,POST,http://localhost:5000/api/v1/register,HTTP/1.1,default,,201,,,http://localhost:5000/api/v1/register,,
http_req_failed,1700186056,0.000000,,,,true,,POST,http://localhost:5000/api/v1/register,HTTP/1.1,default,,201,,,http://localhost:5000/api/v1/register,,
data_sent,1700186056,247.000000,,,,,,,,,default,,,,,,,
data_received,1700186056,479.000000,,,,,,,,,default,,,,,,,
iteration_duration,1700186056,1869.284900,,,,,,,,,default,,,,,,,
iterations,1700186056,1.000000,,,,,,,,,default,,,,,,,
http_reqs,1700186056,1.000000,,,,true,,POST,http://localhost:5000/api/v1/register,HTTP/1.1,default,,201,,,http://localhost:5000/api/v1/register,,
http_req_duration,1700186056,1952.626800,,,,true,,POST,http://localhost:5000/api/v1/register,HTTP/1.1,default,,201,,,http://localhost:5000/api/v1/register,,
http_req_blocked,1700186056,0.508700,,,,true,,POST,http://localhost:5000/api/v1/register,HTTP/1.1,default,,201,,,http://localhost:5000/api/v1/register,,
http_req_connecting,1700186056,0.508700,,,,true,,POST,http://localhost:5000/api/v1/register,HTTP/1.1,default,,201,,,http://localhost:5000/api/v1/register,,
http_req_tls_handshaking,1700186056,0.000000,,,,true,,POST,http://localhost:5000/api/v1/register,HTTP/1.1,default,,201,,,http://localhost:5000/api/v1/register,,
http_req_sending,1700186056,0.000000,,,,true,,POST,http://localhost:5000/api/v1/register,HTTP/1.1,default,,201,,,http://localhost:5000/api/v1/register,,
http_req_waiting,1700186056,1952.626800,,,,true,,POST,http://localhost:5000/api/v1/register,HTTP/1.1,default,,201,,,http://localhost:5000/api/v1/register,,
http_req_receiving,1700186056,0.000000,,,,true,,POST,http://localhost:5000/api/v1/register,HTTP/1.1,default,,201,,,http://localhost:5000/api/v1/register,,
http_req_failed,1700186056,0.000000,,,,true,,POST,http://localhost:5000/api/v1/register,HTTP/1.1,default,,201,,,http://localhost:5000/api/v1/register,,
data_sent,1700186056,247.000000,,,,,,,,,default,,,,,,,
data_received,1700186056,480.000000,,,,,,,,,default,,,,,,,
iteration_duration,1700186056,1953.127100,,,,,,,,,default,,,,,,,
iterations,1700186056,1.000000,,,,,,,,,default,,,,,,,
vus,1700186056,10.000000,,,,,,,,,,,,,,,,
vus_max,1700186056,10.000000,,,,,,,,,,,,,,,,
vus,1700186057,10.000000,,,,,,,,,,,,,,,,
vus_max,1700186057,10.000000,,,,,,,,,,,,,,,,
vus,1700186058,10.000000,,,,,,,,,,,,,,,,
vus_max,1700186058,10.000000,,,,,,,,,,,,,,,,
vus,1700186059,10.000000,,,,,,,,,,,,,,,,
vus_max,1700186059,10.000000,,,,,,,,,,,,,,,,
vus,1700186060,10.000000,,,,,,,,,,,,,,,,
vus_max,1700186060,10.000000,,,,,,,,,,,,,,,,
vus,1700186061,10.000000,,,,,,,,,,,,,,,,
vus_max,1700186061,10.000000,,,,,,,,,,,,,,,,
vus,1700186062,10.000000,,,,,,,,,,,,,,,,
vus_max,1700186062,10.000000,,,,,,,,,,,,,,,,
vus,1700186063,10.000000,,,,,,,,,,,,,,,,
vus_max,1700186063,10.000000,,,,,,,,,,,,,,,,
vus,1700186064,10.000000,,,,,,,,,,,,,,,,
vus_max,1700186064,10.000000,,,,,,,,,,,,,,,,
vus,1700186065,10.000000,,,,,,,,,,,,,,,,
vus_max,1700186065,10.000000,,,,,,,,,,,,,,,,
vus,1700186066,10.000000,,,,,,,,,,,,,,,,
vus_max,1700186066,10.000000,,,,,,,,,,,,,,,,
vus,1700186067,10.000000,,,,,,,,,,,,,,,,
vus_max,1700186067,10.000000,,,,,,,,,,,,,,,,
vus,1700186068,10.000000,,,,,,,,,,,,,,,,
vus_max,1700186068,10.000000,,,,,,,,,,,,,,,,
vus,1700186069,10.000000,,,,,,,,,,,,,,,,
vus_max,1700186069,10.000000,,,,,,,,,,,,,,,,
vus,1700186070,10.000000,,,,,,,,,,,,,,,,
vus_max,1700186070,10.000000,,,,,,,,,,,,,,,,
vus,1700186071,10.000000,,,,,,,,,,,,,,,,
vus_max,1700186071,10.000000,,,,,,,,,,,,,,,,
vus,1700186072,10.000000,,,,,,,,,,,,,,,,
vus_max,1700186072,10.000000,,,,,,,,,,,,,,,,
vus,1700186073,10.000000,,,,,,,,,,,,,,,,
vus_max,1700186073,10.000000,,,,,,,,,,,,,,,,
vus,1700186074,10.000000,,,,,,,,,,,,,,,,
vus_max,1700186074,10.000000,,,,,,,,,,,,,,,,
vus,1700186075,10.000000,,,,,,,,,,,,,,,,
vus_max,1700186075,10.000000,,,,,,,,,,,,,,,,
vus,1700186076,10.000000,,,,,,,,,,,,,,,,
vus_max,1700186076,10.000000,,,,,,,,,,,,,,,,
vus,1700186077,10.000000,,,,,,,,,,,,,,,,
vus_max,1700186077,10.000000,,,,,,,,,,,,,,,,
vus,1700186078,10.000000,,,,,,,,,,,,,,,,
vus_max,1700186078,10.000000,,,,,,,,,,,,,,,,
vus,1700186079,10.000000,,,,,,,,,,,,,,,,
vus_max,1700186079,10.000000,,,,,,,,,,,,,,,,
vus,1700186080,10.000000,,,,,,,,,,,,,,,,
vus_max,1700186080,10.000000,,,,,,,,,,,,,,,,
vus,1700186081,10.000000,,,,,,,,,,,,,,,,
vus_max,1700186081,10.000000,,,,,,,,,,,,,,,,
vus,1700186082,10.000000,,,,,,,,,,,,,,,,
vus_max,1700186082,10.000000,,,,,,,,,,,,,,,,
vus,1700186083,10.000000,,,,,,,,,,,,,,,,
vus_max,1700186083,10.000000,,,,,,,,,,,,,,,,
vus,1700186084,10.000000,,,,,,,,,,,,,,,,
vus_max,1700186084,10.000000,,,,,,,,,,,,,,,,
vus,1700186085,10.000000,,,,,,,,,,,,,,,,
vus_max,1700186085,10.000000,,,,,,,,,,,,,,,,
http_reqs,1700186086,1.000000,,,1500,false,,POST,http://localhost:5000/api/v1/register,HTTP/1.1,default,,500,,,http://localhost:5000/api/v1/register,,
http_req_duration,1700186086,30091.771500,,,1500,false,,POST,http://localhost:5000/api/v1/register,HTTP/1.1,default,,500,,,http://localhost:5000/api/v1/register,,
http_req_blocked,1700186086,1.236800,,,1500,false,,POST,http://localhost:5000/api/v1/register,HTTP/1.1,default,,500,,,http://localhost:5000/api/v1/register,,
http_req_connecting,1700186086,1.236800,,,1500,false,,POST,http://localhost:5000/api/v1/register,HTTP/1.1,default,,500,,,http://localhost:5000/api/v1/register,,
http_req_tls_handshaking,1700186086,0.000000,,,1500,false,,POST,http://localhost:5000/api/v1/register,HTTP/1.1,default,,500,,,http://localhost:5000/api/v1/register,,
http_req_sending,1700186086,0.000000,,,1500,false,,POST,http://localhost:5000/api/v1/register,HTTP/1.1,default,,500,,,http://localhost:5000/api/v1/register,,
http_req_waiting,1700186086,30091.266300,,,1500,false,,POST,http://localhost:5000/api/v1/register,HTTP/1.1,default,,500,,,http://localhost:5000/api/v1/register,,
http_req_receiving,1700186086,0.505200,,,1500,false,,POST,http://localhost:5000/api/v1/register,HTTP/1.1,default,,500,,,http://localhost:5000/api/v1/register,,
http_req_failed,1700186086,1.000000,,,1500,false,,POST,http://localhost:5000/api/v1/register,HTTP/1.1,default,,500,,,http://localhost:5000/api/v1/register,,
data_sent,1700186086,247.000000,,,,,,,,,default,,,,,,,
data_received,1700186086,490.000000,,,,,,,,,default,,,,,,,
iteration_duration,1700186086,30094.678300,,,,,,,,,default,,,,,,,
iterations,1700186086,1.000000,,,,,,,,,default,,,,,,,
http_reqs,1700186086,1.000000,,,1500,false,,POST,http://localhost:5000/api/v1/register,HTTP/1.1,default,,500,,,http://localhost:5000/api/v1/register,,
http_req_duration,1700186086,30098.165900,,,1500,false,,POST,http://localhost:5000/api/v1/register,HTTP/1.1,default,,500,,,http://localhost:5000/api/v1/register,,
http_req_blocked,1700186086,0.000000,,,1500,false,,POST,http://localhost:5000/api/v1/register,HTTP/1.1,default,,500,,,http://localhost:5000/api/v1/register,,
http_req_connecting,1700186086,0.000000,,,1500,false,,POST,http://localhost:5000/api/v1/register,HTTP/1.1,default,,500,,,http://localhost:5000/api/v1/register,,
http_req_tls_handshaking,1700186086,0.000000,,,1500,false,,POST,http://localhost:5000/api/v1/register,HTTP/1.1,default,,500,,,http://localhost:5000/api/v1/register,,
http_req_sending,1700186086,0.000000,,,1500,false,,POST,http://localhost:5000/api/v1/register,HTTP/1.1,default,,500,,,http://localhost:5000/api/v1/register,,
http_req_waiting,1700186086,30094.297600,,,1500,false,,POST,http://localhost:5000/api/v1/register,HTTP/1.1,default,,500,,,http://localhost:5000/api/v1/register,,
http_req_receiving,1700186086,3.868300,,,1500,false,,POST,http://localhost:5000/api/v1/register,HTTP/1.1,default,,500,,,http://localhost:5000/api/v1/register,,
http_req_failed,1700186086,1.000000,,,1500,false,,POST,http://localhost:5000/api/v1/register,HTTP/1.1,default,,500,,,http://localhost:5000/api/v1/register,,
data_sent,1700186086,247.000000,,,,,,,,,default,,,,,,,
data_received,1700186086,490.000000,,,,,,,,,default,,,,,,,
iteration_duration,1700186086,30098.546600,,,,,,,,,default,,,,,,,
iterations,1700186086,1.000000,,,,,,,,,default,,,,,,,
http_reqs,1700186086,1.000000,,,1500,false,,POST,http://localhost:5000/api/v1/register,HTTP/1.1,default,,500,,,http://localhost:5000/api/v1/register,,
http_req_duration,1700186086,30100.575500,,,1500,false,,POST,http://localhost:5000/api/v1/register,HTTP/1.1,default,,500,,,http://localhost:5000/api/v1/register,,
http_req_blocked,1700186086,1.022700,,,1500,false,,POST,http://localhost:5000/api/v1/register,HTTP/1.1,default,,500,,,http://localhost:5000/api/v1/register,,
http_req_connecting,1700186086,1.022700,,,1500,false,,POST,http://localhost:5000/api/v1/register,HTTP/1.1,default,,500,,,http://localhost:5000/api/v1/register,,
http_req_tls_handshaking,1700186086,0.000000,,,1500,false,,POST,http://localhost:5000/api/v1/register,HTTP/1.1,default,,500,,,http://localhost:5000/api/v1/register,,
http_req_sending,1700186086,0.000000,,,1500,false,,POST,http://localhost:5000/api/v1/register,HTTP/1.1,default,,500,,,http://localhost:5000/api/v1/register,,
http_req_waiting,1700186086,30098.228500,,,1500,false,,POST,http://localhost:5000/api/v1/register,HTTP/1.1,default,,500,,,http://localhost:5000/api/v1/register,,
http_req_receiving,1700186086,2.347000,,,1500,false,,POST,http://localhost:5000/api/v1/register,HTTP/1.1,default,,500,,,http://localhost:5000/api/v1/register,,
http_req_failed,1700186086,1.000000,,,1500,false,,POST,http://localhost:5000/api/v1/register,HTTP/1.1,default,,500,,,http://localhost:5000/api/v1/register,,
data_sent,1700186086,247.000000,,,,,,,,,default,,,,,,,
data_received,1700186086,490.000000,,,,,,,,,default,,,,,,,
iteration_duration,1700186086,30101.587700,,,,,,,,,default,,,,,,,
iterations,1700186086,1.000000,,,,,,,,,default,,,,,,,
http_reqs,1700186086,1.000000,,,1500,false,,POST,http://localhost:5000/api/v1/register,HTTP/1.1,default,,500,,,http://localhost:5000/api/v1/register,,
http_req_duration,1700186086,30099.180400,,,1500,false,,POST,http://localhost:5000/api/v1/register,HTTP/1.1,default,,500,,,http://localhost:5000/api/v1/register,,
http_req_blocked,1700186086,0.000000,,,1500,false,,POST,http://localhost:5000/api/v1/register,HTTP/1.1,default,,500,,,http://localhost:5000/api/v1/register,,
http_req_connecting,1700186086,0.000000,,,1500,false,,POST,http://localhost:5000/api/v1/register,HTTP/1.1,default,,500,,,http://localhost:5000/api/v1/register,,
http_req_tls_handshaking,1700186086,0.000000,,,1500,false,,POST,http://localhost:5000/api/v1/register,HTTP/1.1,default,,500,,,http://localhost:5000/api/v1/register,,
http_req_sending,1700186086,0.000000,,,1500,false,,POST,http://localhost:5000/api/v1/register,HTTP/1.1,default,,500,,,http://localhost:5000/api/v1/register,,
http_req_waiting,1700186086,30098.165900,,,1500,false,,POST,http://localhost:5000/api/v1/register,HTTP/1.1,default,,500,,,http://localhost:5000/api/v1/register,,
http_req_receiving,1700186086,1.014500,,,1500,false,,POST,http://localhost:5000/api/v1/register,HTTP/1.1,default,,500,,,http://localhost:5000/api/v1/register,,
http_req_failed,1700186086,1.000000,,,1500,false,,POST,http://localhost:5000/api/v1/register,HTTP/1.1,default,,500,,,http://localhost:5000/api/v1/register,,
data_sent,1700186086,247.000000,,,,,,,,,default,,,,,,,
data_received,1700186086,490.000000,,,,,,,,,default,,,,,,,
iteration_duration,1700186086,30099.561100,,,,,,,,,default,,,,,,,
iterations,1700186086,1.000000,,,,,,,,,default,,,,,,,
http_reqs,1700186086,1.000000,,,1500,false,,POST,http://localhost:5000/api/v1/register,HTTP/1.1,default,,500,,,http://localhost:5000/api/v1/register,,
http_req_duration,1700186086,30088.660500,,,1500,false,,POST,http://localhost:5000/api/v1/register,HTTP/1.1,default,,500,,,http://localhost:5000/api/v1/register,,
http_req_blocked,1700186086,0.504800,,,1500,false,,POST,http://localhost:5000/api/v1/register,HTTP/1.1,default,,500,,,http://localhost:5000/api/v1/register,,
http_req_connecting,1700186086,0.504800,,,1500,false,,POST,http://localhost:5000/api/v1/register,HTTP/1.1,default,,500,,,http://localhost:5000/api/v1/register,,
http_req_tls_handshaking,1700186086,0.000000,,,1500,false,,POST,http://localhost:5000/api/v1/register,HTTP/1.1,default,,500,,,http://localhost:5000/api/v1/register,,
http_req_sending,1700186086,0.000000,,,1500,false,,POST,http://localhost:5000/api/v1/register,HTTP/1.1,default,,500,,,http://localhost:5000/api/v1/register,,
http_req_waiting,1700186086,30087.659600,,,1500,false,,POST,http://localhost:5000/api/v1/register,HTTP/1.1,default,,500,,,http://localhost:5000/api/v1/register,,
http_req_receiving,1700186086,1.000900,,,1500,false,,POST,http://localhost:5000/api/v1/register,HTTP/1.1,default,,500,,,http://localhost:5000/api/v1/register,,
http_req_failed,1700186086,1.000000,,,1500,false,,POST,http://localhost:5000/api/v1/register,HTTP/1.1,default,,500,,,http://localhost:5000/api/v1/register,,
data_sent,1700186086,247.000000,,,,,,,,,default,,,,,,,
data_received,1700186086,490.000000,,,,,,,,,default,,,,,,,
iteration_duration,1700186086,30089.143300,,,,,,,,,default,,,,,,,
iterations,1700186086,1.000000,,,,,,,,,default,,,,,,,
http_reqs,1700186086,1.000000,,,1500,false,,POST,http://localhost:5000/api/v1/register,HTTP/1.1,default,,500,,,http://localhost:5000/api/v1/register,,
http_req_duration,1700186086,30092.400300,,,1500,false,,POST,http://localhost:5000/api/v1/register,HTTP/1.1,default,,500,,,http://localhost:5000/api/v1/register,,
http_req_blocked,1700186086,0.516600,,,1500,false,,POST,http://localhost:5000/api/v1/register,HTTP/1.1,default,,500,,,http://localhost:5000/api/v1/register,,
http_req_connecting,1700186086,0.516600,,,1500,false,,POST,http://localhost:5000/api/v1/register,HTTP/1.1,default,,500,,,http://localhost:5000/api/v1/register,,
http_req_tls_handshaking,1700186086,0.000000,,,1500,false,,POST,http://localhost:5000/api/v1/register,HTTP/1.1,default,,500,,,http://localhost:5000/api/v1/register,,
http_req_sending,1700186086,0.000000,,,1500,false,,POST,http://localhost:5000/api/v1/register,HTTP/1.1,default,,500,,,http://localhost:5000/api/v1/register,,
http_req_waiting,1700186086,30091.399400,,,1500,false,,POST,http://localhost:5000/api/v1/register,HTTP/1.1,default,,500,,,http://localhost:5000/api/v1/register,,
http_req_receiving,1700186086,1.000900,,,1500,false,,POST,http://localhost:5000/api/v1/register,HTTP/1.1,default,,500,,,http://localhost:5000/api/v1/register,,
http_req_failed,1700186086,1.000000,,,1500,false,,POST,http://localhost:5000/api/v1/register,HTTP/1.1,default,,500,,,http://localhost:5000/api/v1/register,,
data_sent,1700186086,247.000000,,,,,,,,,default,,,,,,,
data_received,1700186086,490.000000,,,,,,,,,default,,,,,,,
iteration_duration,1700186086,30092.787500,,,,,,,,,default,,,,,,,
iterations,1700186086,1.000000,,,,,,,,,default,,,,,,,
http_reqs,1700186086,1.000000,,,1500,false,,POST,http://localhost:5000/api/v1/register,HTTP/1.1,default,,500,,,http://localhost:5000/api/v1/register,,
http_req_duration,1700186086,30075.623900,,,1500,false,,POST,http://localhost:5000/api/v1/register,HTTP/1.1,default,,500,,,http://localhost:5000/api/v1/register,,
http_req_blocked,1700186086,1.041600,,,1500,false,,POST,http://localhost:5000/api/v1/register,HTTP/1.1,default,,500,,,http://localhost:5000/api/v1/register,,
http_req_connecting,1700186086,0.517400,,,1500,false,,POST,http://localhost:5000/api/v1/register,HTTP/1.1,default,,500,,,http://localhost:5000/api/v1/register,,
http_req_tls_handshaking,1700186086,0.000000,,,1500,false,,POST,http://localhost:5000/api/v1/register,HTTP/1.1,default,,500,,,http://localhost:5000/api/v1/register,,
http_req_sending,1700186086,0.524200,,,1500,false,,POST,http://localhost:5000/api/v1/register,HTTP/1.1,default,,500,,,http://localhost:5000/api/v1/register,,
http_req_waiting,1700186086,30073.747900,,,1500,false,,POST,http://localhost:5000/api/v1/register,HTTP/1.1,default,,500,,,http://localhost:5000/api/v1/register,,
http_req_receiving,1700186086,1.351800,,,1500,false,,POST,http://localhost:5000/api/v1/register,HTTP/1.1,default,,500,,,http://localhost:5000/api/v1/register,,
http_req_failed,1700186086,1.000000,,,1500,false,,POST,http://localhost:5000/api/v1/register,HTTP/1.1,default,,500,,,http://localhost:5000/api/v1/register,,
data_sent,1700186086,247.000000,,,,,,,,,default,,,,,,,
data_received,1700186086,490.000000,,,,,,,,,default,,,,,,,
iteration_duration,1700186086,30076.012000,,,,,,,,,default,,,,,,,
iterations,1700186086,1.000000,,,,,,,,,default,,,,,,,
http_reqs,1700186086,1.000000,,,1500,false,,POST,http://localhost:5000/api/v1/register,HTTP/1.1,default,,500,,,http://localhost:5000/api/v1/register,,
http_req_duration,1700186086,30107.872400,,,1500,false,,POST,http://localhost:5000/api/v1/register,HTTP/1.1,default,,500,,,http://localhost:5000/api/v1/register,,
http_req_blocked,1700186086,0.526500,,,1500,false,,POST,http://localhost:5000/api/v1/register,HTTP/1.1,default,,500,,,http://localhost:5000/api/v1/register,,
http_req_connecting,1700186086,0.000000,,,1500,false,,POST,http://localhost:5000/api/v1/register,HTTP/1.1,default,,500,,,http://localhost:5000/api/v1/register,,
http_req_tls_handshaking,1700186086,0.000000,,,1500,false,,POST,http://localhost:5000/api/v1/register,HTTP/1.1,default,,500,,,http://localhost:5000/api/v1/register,,
http_req_sending,1700186086,0.531700,,,1500,false,,POST,http://localhost:5000/api/v1/register,HTTP/1.1,default,,500,,,http://localhost:5000/api/v1/register,,
http_req_waiting,1700186086,30107.069300,,,1500,false,,POST,http://localhost:5000/api/v1/register,HTTP/1.1,default,,500,,,http://localhost:5000/api/v1/register,,
http_req_receiving,1700186086,0.271400,,,1500,false,,POST,http://localhost:5000/api/v1/register,HTTP/1.1,default,,500,,,http://localhost:5000/api/v1/register,,
http_req_failed,1700186086,1.000000,,,1500,false,,POST,http://localhost:5000/api/v1/register,HTTP/1.1,default,,500,,,http://localhost:5000/api/v1/register,,
data_sent,1700186086,247.000000,,,,,,,,,default,,,,,,,
data_received,1700186086,490.000000,,,,,,,,,default,,,,,,,
iteration_duration,1700186086,30108.269400,,,,,,,,,default,,,,,,,
iterations,1700186086,1.000000,,,,,,,,,default,,,,,,,
http_reqs,1700186086,1.000000,,,1500,false,,POST,http://localhost:5000/api/v1/register,HTTP/1.1,default,,500,,,http://localhost:5000/api/v1/register,,
http_req_duration,1700186086,30038.791200,,,1500,false,,POST,http://localhost:5000/api/v1/register,HTTP/1.1,default,,500,,,http://localhost:5000/api/v1/register,,
http_req_blocked,1700186086,0.000000,,,1500,false,,POST,http://localhost:5000/api/v1/register,HTTP/1.1,default,,500,,,http://localhost:5000/api/v1/register,,
http_req_connecting,1700186086,0.000000,,,1500,false,,POST,http://localhost:5000/api/v1/register,HTTP/1.1,default,,500,,,http://localhost:5000/api/v1/register,,
http_req_tls_handshaking,1700186086,0.000000,,,1500,false,,POST,http://localhost:5000/api/v1/register,HTTP/1.1,default,,500,,,http://localhost:5000/api/v1/register,,
http_req_sending,1700186086,0.000000,,,1500,false,,POST,http://localhost:5000/api/v1/register,HTTP/1.1,default,,500,,,http://localhost:5000/api/v1/register,,
http_req_waiting,1700186086,30037.734100,,,1500,false,,POST,http://localhost:5000/api/v1/register,HTTP/1.1,default,,500,,,http://localhost:5000/api/v1/register,,
http_req_receiving,1700186086,1.057100,,,1500,false,,POST,http://localhost:5000/api/v1/register,HTTP/1.1,default,,500,,,http://localhost:5000/api/v1/register,,
http_req_failed,1700186086,1.000000,,,1500,false,,POST,http://localhost:5000/api/v1/register,HTTP/1.1,default,,500,,,http://localhost:5000/api/v1/register,,
data_sent,1700186086,247.000000,,,,,,,,,default,,,,,,,
data_received,1700186086,490.000000,,,,,,,,,default,,,,,,,
iteration_duration,1700186086,30039.167200,,,,,,,,,default,,,,,,,
iterations,1700186086,1.000000,,,,,,,,,default,,,,,,,
http_reqs,1700186086,1.000000,,,1500,false,,POST,http://localhost:5000/api/v1/register,HTTP/1.1,default,,500,,,http://localhost:5000/api/v1/register,,
http_req_duration,1700186086,30008.479900,,,1500,false,,POST,http://localhost:5000/api/v1/register,HTTP/1.1,default,,500,,,http://localhost:5000/api/v1/register,,
http_req_blocked,1700186086,0.524000,,,1500,false,,POST,http://localhost:5000/api/v1/register,HTTP/1.1,default,,500,,,http://localhost:5000/api/v1/register,,
http_req_connecting,1700186086,0.524000,,,1500,false,,POST,http://localhost:5000/api/v1/register,HTTP/1.1,default,,500,,,http://localhost:5000/api/v1/register,,
http_req_tls_handshaking,1700186086,0.000000,,,1500,false,,POST,http://localhost:5000/api/v1/register,HTTP/1.1,default,,500,,,http://localhost:5000/api/v1/register,,
http_req_sending,1700186086,0.000000,,,1500,false,,POST,http://localhost:5000/api/v1/register,HTTP/1.1,default,,500,,,http://localhost:5000/api/v1/register,,
http_req_waiting,1700186086,30007.973700,,,1500,false,,POST,http://localhost:5000/api/v1/register,HTTP/1.1,default,,500,,,http://localhost:5000/api/v1/register,,
http_req_receiving,1700186086,0.506200,,,1500,false,,POST,http://localhost:5000/api/v1/register,HTTP/1.1,default,,500,,,http://localhost:5000/api/v1/register,,
http_req_failed,1700186086,1.000000,,,1500,false,,POST,http://localhost:5000/api/v1/register,HTTP/1.1,default,,500,,,http://localhost:5000/api/v1/register,,
data_sent,1700186086,247.000000,,,,,,,,,default,,,,,,,
data_received,1700186086,490.000000,,,,,,,,,default,,,,,,,
iteration_duration,1700186086,30009.883900,,,,,,,,,default,,,,,,,
iterations,1700186086,1.000000,,,,,,,,,default,,,,,,,
vus,1700186086,10.000000,,,,,,,,,,,,,,,,
vus_max,1700186086,10.000000,,,,,,,,,,,,,,,,
vus,1700186087,10.000000,,,,,,,,,,,,,,,,
vus_max,1700186087,10.000000,,,,,,,,,,,,,,,,
vus,1700186088,10.000000,,,,,,,,,,,,,,,,
vus_max,1700186088,10.000000,,,,,,,,,,,,,,,,
vus,1700186089,10.000000,,,,,,,,,,,,,,,,
vus_max,1700186089,10.000000,,,,,,,,,,,,,,,,
vus,1700186090,10.000000,,,,,,,,,,,,,,,,
vus_max,1700186090,10.000000,,,,,,,,,,,,,,,,
vus,1700186091,10.000000,,,,,,,,,,,,,,,,
vus_max,1700186091,10.000000,,,,,,,,,,,,,,,,
vus,1700186092,10.000000,,,,,,,,,,,,,,,,
vus_max,1700186092,10.000000,,,,,,,,,,,,,,,,
vus,1700186093,10.000000,,,,,,,,,,,,,,,,
vus_max,1700186093,10.000000,,,,,,,,,,,,,,,,
vus,1700186094,10.000000,,,,,,,,,,,,,,,,
vus_max,1700186094,10.000000,,,,,,,,,,,,,,,,
vus,1700186095,10.000000,,,,,,,,,,,,,,,,
vus_max,1700186095,10.000000,,,,,,,,,,,,,,,,
vus,1700186096,10.000000,,,,,,,,,,,,,,,,
vus_max,1700186096,10.000000,,,,,,,,,,,,,,,,
vus,1700186097,10.000000,,,,,,,,,,,,,,,,
vus_max,1700186097,10.000000,,,,,,,,,,,,,,,,
vus,1700186098,10.000000,,,,,,,,,,,,,,,,
vus_max,1700186098,10.000000,,,,,,,,,,,,,,,,
vus,1700186099,10.000000,,,,,,,,,,,,,,,,
vus_max,1700186099,10.000000,,,,,,,,,,,,,,,,
vus,1700186100,10.000000,,,,,,,,,,,,,,,,
vus_max,1700186100,10.000000,,,,,,,,,,,,,,,,
vus,1700186101,10.000000,,,,,,,,,,,,,,,,
vus_max,1700186101,10.000000,,,,,,,,,,,,,,,,
vus,1700186102,10.000000,,,,,,,,,,,,,,,,
vus_max,1700186102,10.000000,,,,,,,,,,,,,,,,
vus,1700186103,10.000000,,,,,,,,,,,,,,,,
vus_max,1700186103,10.000000,,,,,,,,,,,,,,,,
vus,1700186104,10.000000,,,,,,,,,,,,,,,,
vus_max,1700186104,10.000000,,,,,,,,,,,,,,,,
vus,1700186105,10.000000,,,,,,,,,,,,,,,,
vus_max,1700186105,10.000000,,,,,,,,,,,,,,,,
vus,1700186106,10.000000,,,,,,,,,,,,,,,,
vus_max,1700186106,10.000000,,,,,,,,,,,,,,,,
vus,1700186107,10.000000,,,,,,,,,,,,,,,,
vus_max,1700186107,10.000000,,,,,,,,,,,,,,,,
vus,1700186108,10.000000,,,,,,,,,,,,,,,,
vus_max,1700186108,10.000000,,,,,,,,,,,,,,,,
vus,1700186109,10.000000,,,,,,,,,,,,,,,,
vus_max,1700186109,10.000000,,,,,,,,,,,,,,,,
vus,1700186110,10.000000,,,,,,,,,,,,,,,,
vus_max,1700186110,10.000000,,,,,,,,,,,,,,,,
vus,1700186111,10.000000,,,,,,,,,,,,,,,,
vus_max,1700186111,10.000000,,,,,,,,,,,,,,,,
vus,1700186112,10.000000,,,,,,,,,,,,,,,,
vus_max,1700186112,10.000000,,,,,,,,,,,,,,,,
vus,1700186113,10.000000,,,,,,,,,,,,,,,,
vus_max,1700186113,10.000000,,,,,,,,,,,,,,,,
vus,1700186114,10.000000,,,,,,,,,,,,,,,,
vus_max,1700186114,10.000000,,,,,,,,,,,,,,,,
vus,1700186115,10.000000,,,,,,,,,,,,,,,,
vus_max,1700186115,10.000000,,,,,,,,,,,,,,,,
http_reqs,1700186116,1.000000,,,1500,false,,POST,http://localhost:5000/api/v1/register,HTTP/1.1,default,,500,,,http://localhost:5000/api/v1/register,,
http_req_duration,1700186116,30054.299300,,,1500,false,,POST,http://localhost:5000/api/v1/register,HTTP/1.1,default,,500,,,http://localhost:5000/api/v1/register,,
http_req_blocked,1700186116,1.014500,,,1500,false,,POST,http://localhost:5000/api/v1/register,HTTP/1.1,default,,500,,,http://localhost:5000/api/v1/register,,
http_req_connecting,1700186116,1.014500,,,1500,false,,POST,http://localhost:5000/api/v1/register,HTTP/1.1,default,,500,,,http://localhost:5000/api/v1/register,,
http_req_tls_handshaking,1700186116,0.000000,,,1500,false,,POST,http://localhost:5000/api/v1/register,HTTP/1.1,default,,500,,,http://localhost:5000/api/v1/register,,
http_req_sending,1700186116,1.000900,,,1500,false,,POST,http://localhost:5000/api/v1/register,HTTP/1.1,default,,500,,,http://localhost:5000/api/v1/register,,
http_req_waiting,1700186116,30042.910100,,,1500,false,,POST,http://localhost:5000/api/v1/register,HTTP/1.1,default,,500,,,http://localhost:5000/api/v1/register,,
http_req_receiving,1700186116,10.388300,,,1500,false,,POST,http://localhost:5000/api/v1/register,HTTP/1.1,default,,500,,,http://localhost:5000/api/v1/register,,
http_req_failed,1700186116,1.000000,,,1500,false,,POST,http://localhost:5000/api/v1/register,HTTP/1.1,default,,500,,,http://localhost:5000/api/v1/register,,
data_sent,1700186116,247.000000,,,,,,,,,default,,,,,,,
data_received,1700186116,490.000000,,,,,,,,,default,,,,,,,
iteration_duration,1700186116,30059.153900,,,,,,,,,default,,,,,,,
iterations,1700186116,1.000000,,,,,,,,,default,,,,,,,
http_reqs,1700186116,1.000000,,,1400,false,,POST,http://localhost:5000/api/v1/register,HTTP/1.1,default,,400,,,http://localhost:5000/api/v1/register,,
http_req_duration,1700186116,30067.725700,,,1400,false,,POST,http://localhost:5000/api/v1/register,HTTP/1.1,default,,400,,,http://localhost:5000/api/v1/register,,
http_req_blocked,1700186116,1.000900,,,1400,false,,POST,http://localhost:5000/api/v1/register,HTTP/1.1,default,,400,,,http://localhost:5000/api/v1/register,,
http_req_connecting,1700186116,1.000900,,,1400,false,,POST,http://localhost:5000/api/v1/register,HTTP/1.1,default,,400,,,http://localhost:5000/api/v1/register,,
http_req_tls_handshaking,1700186116,0.000000,,,1400,false,,POST,http://localhost:5000/api/v1/register,HTTP/1.1,default,,400,,,http://localhost:5000/api/v1/register,,
http_req_sending,1700186116,0.000000,,,1400,false,,POST,http://localhost:5000/api/v1/register,HTTP/1.1,default,,400,,,http://localhost:5000/api/v1/register,,
http_req_waiting,1700186116,30053.399500,,,1400,false,,POST,http://localhost:5000/api/v1/register,HTTP/1.1,default,,400,,,http://localhost:5000/api/v1/register,,
http_req_receiving,1700186116,14.326200,,,1400,false,,POST,http://localhost:5000/api/v1/register,HTTP/1.1,default,,400,,,http://localhost:5000/api/v1/register,,
http_req_failed,1700186116,1.000000,,,1400,false,,POST,http://localhost:5000/api/v1/register,HTTP/1.1,default,,400,,,http://localhost:5000/api/v1/register,,
data_sent,1700186116,247.000000,,,,,,,,,default,,,,,,,
data_received,1700186116,235.000000,,,,,,,,,default,,,,,,,
iteration_duration,1700186116,30070.115700,,,,,,,,,default,,,,,,,
iterations,1700186116,1.000000,,,,,,,,,default,,,,,,,
http_reqs,1700186116,1.000000,,,1400,false,,POST,http://localhost:5000/api/v1/register,HTTP/1.1,default,,400,,,http://localhost:5000/api/v1/register,,
http_req_duration,1700186116,30049.010300,,,1400,false,,POST,http://localhost:5000/api/v1/register,HTTP/1.1,default,,400,,,http://localhost:5000/api/v1/register,,
http_req_blocked,1700186116,9.905100,,,1400,false,,POST,http://localhost:5000/api/v1/register,HTTP/1.1,default,,400,,,http://localhost:5000/api/v1/register,,
http_req_connecting,1700186116,9.303300,,,1400,false,,POST,http://localhost:5000/api/v1/register,HTTP/1.1,default,,400,,,http://localhost:5000/api/v1/register,,
http_req_tls_handshaking,1700186116,0.000000,,,1400,false,,POST,http://localhost:5000/api/v1/register,HTTP/1.1,default,,400,,,http://localhost:5000/api/v1/register,,
http_req_sending,1700186116,0.000000,,,1400,false,,POST,http://localhost:5000/api/v1/register,HTTP/1.1,default,,400,,,http://localhost:5000/api/v1/register,,
http_req_waiting,1700186116,30043.239700,,,1400,false,,POST,http://localhost:5000/api/v1/register,HTTP/1.1,default,,400,,,http://localhost:5000/api/v1/register,,
http_req_receiving,1700186116,5.770600,,,1400,false,,POST,http://localhost:5000/api/v1/register,HTTP/1.1,default,,400,,,http://localhost:5000/api/v1/register,,
http_req_failed,1700186116,1.000000,,,1400,false,,POST,http://localhost:5000/api/v1/register,HTTP/1.1,default,,400,,,http://localhost:5000/api/v1/register,,
data_sent,1700186116,247.000000,,,,,,,,,default,,,,,,,
data_received,1700186116,235.000000,,,,,,,,,default,,,,,,,
iteration_duration,1700186116,30069.101200,,,,,,,,,default,,,,,,,
iterations,1700186116,1.000000,,,,,,,,,default,,,,,,,
http_reqs,1700186116,1.000000,,,1400,false,,POST,http://localhost:5000/api/v1/register,HTTP/1.1,default,,400,,,http://localhost:5000/api/v1/register,,
http_req_duration,1700186116,30050.285600,,,1400,false,,POST,http://localhost:5000/api/v1/register,HTTP/1.1,default,,400,,,http://localhost:5000/api/v1/register,,
http_req_blocked,1700186116,0.598200,,,1400,false,,POST,http://localhost:5000/api/v1/register,HTTP/1.1,default,,400,,,http://localhost:5000/api/v1/register,,
http_req_connecting,1700186116,0.598200,,,1400,false,,POST,http://localhost:5000/api/v1/register,HTTP/1.1,default,,400,,,http://localhost:5000/api/v1/register,,
http_req_tls_handshaking,1700186116,0.000000,,,1400,false,,POST,http://localhost:5000/api/v1/register,HTTP/1.1,default,,400,,,http://localhost:5000/api/v1/register,,
http_req_sending,1700186116,0.000000,,,1400,false,,POST,http://localhost:5000/api/v1/register,HTTP/1.1,default,,400,,,http://localhost:5000/api/v1/register,,
http_req_waiting,1700186116,30049.770900,,,1400,false,,POST,http://localhost:5000/api/v1/register,HTTP/1.1,default,,400,,,http://localhost:5000/api/v1/register,,
http_req_receiving,1700186116,0.514700,,,1400,false,,POST,http://localhost:5000/api/v1/register,HTTP/1.1,default,,400,,,http://localhost:5000/api/v1/register,,
http_req_failed,1700186116,1.000000,,,1400,false,,POST,http://localhost:5000/api/v1/register,HTTP/1.1,default,,400,,,http://localhost:5000/api/v1/register,,
http_reqs,1700186116,1.000000,,,1500,false,,POST,http://localhost:5000/api/v1/register,HTTP/1.1,default,,500,,,http://localhost:5000/api/v1/register,,
http_req_duration,1700186116,30077.211000,,,1500,false,,POST,http://localhost:5000/api/v1/register,HTTP/1.1,default,,500,,,http://localhost:5000/api/v1/register,,
http_req_blocked,1700186116,1.000900,,,1500,false,,POST,http://localhost:5000/api/v1/register,HTTP/1.1,default,,500,,,http://localhost:5000/api/v1/register,,
http_req_connecting,1700186116,1.000900,,,1500,false,,POST,http://localhost:5000/api/v1/register,HTTP/1.1,default,,500,,,http://localhost:5000/api/v1/register,,
http_req_tls_handshaking,1700186116,0.000000,,,1500,false,,POST,http://localhost:5000/api/v1/register,HTTP/1.1,default,,500,,,http://localhost:5000/api/v1/register,,
http_req_sending,1700186116,1.000500,,,1500,false,,POST,http://localhost:5000/api/v1/register,HTTP/1.1,default,,500,,,http://localhost:5000/api/v1/register,,
http_req_waiting,1700186116,30073.047100,,,1500,false,,POST,http://localhost:5000/api/v1/register,HTTP/1.1,default,,500,,,http://localhost:5000/api/v1/register,,
http_req_receiving,1700186116,3.163400,,,1500,false,,POST,http://localhost:5000/api/v1/register,HTTP/1.1,default,,500,,,http://localhost:5000/api/v1/register,,
http_req_failed,1700186116,1.000000,,,1500,false,,POST,http://localhost:5000/api/v1/register,HTTP/1.1,default,,500,,,http://localhost:5000/api/v1/register,,
data_sent,1700186116,247.000000,,,,,,,,,default,,,,,,,
data_received,1700186116,235.000000,,,,,,,,,default,,,,,,,
iteration_duration,1700186116,30050.754600,,,,,,,,,default,,,,,,,
iterations,1700186116,1.000000,,,,,,,,,default,,,,,,,
data_sent,1700186116,247.000000,,,,,,,,,default,,,,,,,
data_received,1700186116,490.000000,,,,,,,,,default,,,,,,,
iteration_duration,1700186116,30078.082500,,,,,,,,,default,,,,,,,
iterations,1700186116,1.000000,,,,,,,,,default,,,,,,,
http_reqs,1700186116,1.000000,,,1400,false,,POST,http://localhost:5000/api/v1/register,HTTP/1.1,default,,400,,,http://localhost:5000/api/v1/register,,
http_req_duration,1700186116,30014.111000,,,1400,false,,POST,http://localhost:5000/api/v1/register,HTTP/1.1,default,,400,,,http://localhost:5000/api/v1/register,,
http_req_blocked,1700186116,3.152300,,,1400,false,,POST,http://localhost:5000/api/v1/register,HTTP/1.1,default,,400,,,http://localhost:5000/api/v1/register,,
http_req_connecting,1700186116,3.152300,,,1400,false,,POST,http://localhost:5000/api/v1/register,HTTP/1.1,default,,400,,,http://localhost:5000/api/v1/register,,
http_req_tls_handshaking,1700186116,0.000000,,,1400,false,,POST,http://localhost:5000/api/v1/register,HTTP/1.1,default,,400,,,http://localhost:5000/api/v1/register,,
http_req_sending,1700186116,0.000000,,,1400,false,,POST,http://localhost:5000/api/v1/register,HTTP/1.1,default,,400,,,http://localhost:5000/api/v1/register,,
http_req_waiting,1700186116,30013.452100,,,1400,false,,POST,http://localhost:5000/api/v1/register,HTTP/1.1,default,,400,,,http://localhost:5000/api/v1/register,,
http_req_receiving,1700186116,0.658900,,,1400,false,,POST,http://localhost:5000/api/v1/register,HTTP/1.1,default,,400,,,http://localhost:5000/api/v1/register,,
http_req_failed,1700186116,1.000000,,,1400,false,,POST,http://localhost:5000/api/v1/register,HTTP/1.1,default,,400,,,http://localhost:5000/api/v1/register,,
data_sent,1700186116,247.000000,,,,,,,,,default,,,,,,,
data_received,1700186116,235.000000,,,,,,,,,default,,,,,,,
iteration_duration,1700186116,30017.848800,,,,,,,,,default,,,,,,,
iterations,1700186116,1.000000,,,,,,,,,default,,,,,,,
http_reqs,1700186116,1.000000,,,1500,false,,POST,http://localhost:5000/api/v1/register,HTTP/1.1,default,,500,,,http://localhost:5000/api/v1/register,,
http_req_duration,1700186116,30084.488800,,,1500,false,,POST,http://localhost:5000/api/v1/register,HTTP/1.1,default,,500,,,http://localhost:5000/api/v1/register,,
http_req_blocked,1700186116,1.000500,,,1500,false,,POST,http://localhost:5000/api/v1/register,HTTP/1.1,default,,500,,,http://localhost:5000/api/v1/register,,
http_req_connecting,1700186116,1.000500,,,1500,false,,POST,http://localhost:5000/api/v1/register,HTTP/1.1,default,,500,,,http://localhost:5000/api/v1/register,,
http_req_tls_handshaking,1700186116,0.000000,,,1500,false,,POST,http://localhost:5000/api/v1/register,HTTP/1.1,default,,500,,,http://localhost:5000/api/v1/register,,
http_req_sending,1700186116,0.000000,,,1500,false,,POST,http://localhost:5000/api/v1/register,HTTP/1.1,default,,500,,,http://localhost:5000/api/v1/register,,
http_req_waiting,1700186116,30083.369600,,,1500,false,,POST,http://localhost:5000/api/v1/register,HTTP/1.1,default,,500,,,http://localhost:5000/api/v1/register,,
http_req_receiving,1700186116,1.119200,,,1500,false,,POST,http://localhost:5000/api/v1/register,HTTP/1.1,default,,500,,,http://localhost:5000/api/v1/register,,
http_req_failed,1700186116,1.000000,,,1500,false,,POST,http://localhost:5000/api/v1/register,HTTP/1.1,default,,500,,,http://localhost:5000/api/v1/register,,
data_sent,1700186116,247.000000,,,,,,,,,default,,,,,,,
data_received,1700186116,490.000000,,,,,,,,,default,,,,,,,
iteration_duration,1700186116,30085.870400,,,,,,,,,default,,,,,,,
iterations,1700186116,1.000000,,,,,,,,,default,,,,,,,
http_reqs,1700186116,1.000000,,,1400,false,,POST,http://localhost:5000/api/v1/register,HTTP/1.1,default,,400,,,http://localhost:5000/api/v1/register,,
http_req_duration,1700186116,29966.565200,,,1400,false,,POST,http://localhost:5000/api/v1/register,HTTP/1.1,default,,400,,,http://localhost:5000/api/v1/register,,
http_req_blocked,1700186116,2.278300,,,1400,false,,POST,http://localhost:5000/api/v1/register,HTTP/1.1,default,,400,,,http://localhost:5000/api/v1/register,,
http_req_connecting,1700186116,1.064500,,,1400,false,,POST,http://localhost:5000/api/v1/register,HTTP/1.1,default,,400,,,http://localhost:5000/api/v1/register,,
http_req_tls_handshaking,1700186116,0.000000,,,1400,false,,POST,http://localhost:5000/api/v1/register,HTTP/1.1,default,,400,,,http://localhost:5000/api/v1/register,,
http_req_sending,1700186116,0.000000,,,1400,false,,POST,http://localhost:5000/api/v1/register,HTTP/1.1,default,,400,,,http://localhost:5000/api/v1/register,,
http_req_waiting,1700186116,29965.906000,,,1400,false,,POST,http://localhost:5000/api/v1/register,HTTP/1.1,default,,400,,,http://localhost:5000/api/v1/register,,
http_req_receiving,1700186116,0.659200,,,1400,false,,POST,http://localhost:5000/api/v1/register,HTTP/1.1,default,,400,,,http://localhost:5000/api/v1/register,,
http_req_failed,1700186116,1.000000,,,1400,false,,POST,http://localhost:5000/api/v1/register,HTTP/1.1,default,,400,,,http://localhost:5000/api/v1/register,,
data_sent,1700186116,247.000000,,,,,,,,,default,,,,,,,
data_received,1700186116,235.000000,,,,,,,,,default,,,,,,,
iteration_duration,1700186116,29969.713900,,,,,,,,,default,,,,,,,
iterations,1700186116,1.000000,,,,,,,,,default,,,,,,,
http_reqs,1700186116,1.000000,,,1500,false,,POST,http://localhost:5000/api/v1/register,HTTP/1.1,default,,500,,,http://localhost:5000/api/v1/register,,
http_req_duration,1700186116,30068.333500,,,1500,false,,POST,http://localhost:5000/api/v1/register,HTTP/1.1,default,,500,,,http://localhost:5000/api/v1/register,,
http_req_blocked,1700186116,1.036400,,,1500,false,,POST,http://localhost:5000/api/v1/register,HTTP/1.1,default,,500,,,http://localhost:5000/api/v1/register,,
http_req_connecting,1700186116,0.531200,,,1500,false,,POST,http://localhost:5000/api/v1/register,HTTP/1.1,default,,500,,,http://localhost:5000/api/v1/register,,
http_req_tls_handshaking,1700186116,0.000000,,,1500,false,,POST,http://localhost:5000/api/v1/register,HTTP/1.1,default,,500,,,http://localhost:5000/api/v1/register,,
http_req_sending,1700186116,0.000000,,,1500,false,,POST,http://localhost:5000/api/v1/register,HTTP/1.1,default,,500,,,http://localhost:5000/api/v1/register,,
http_req_waiting,1700186116,30067.798900,,,1500,false,,POST,http://localhost:5000/api/v1/register,HTTP/1.1,default,,500,,,http://localhost:5000/api/v1/register,,
http_req_receiving,1700186116,0.534600,,,1500,false,,POST,http://localhost:5000/api/v1/register,HTTP/1.1,default,,500,,,http://localhost:5000/api/v1/register,,
http_req_failed,1700186116,1.000000,,,1500,false,,POST,http://localhost:5000/api/v1/register,HTTP/1.1,default,,500,,,http://localhost:5000/api/v1/register,,
data_sent,1700186116,247.000000,,,,,,,,,default,,,,,,,
data_received,1700186116,490.000000,,,,,,,,,default,,,,,,,
iteration_duration,1700186116,30069.240600,,,,,,,,,default,,,,,,,
iterations,1700186116,1.000000,,,,,,,,,default,,,,,,,
http_reqs,1700186116,1.000000,,,1500,false,,POST,http://localhost:5000/api/v1/register,HTTP/1.1,default,,500,,,http://localhost:5000/api/v1/register,,
http_req_duration,1700186116,30099.547900,,,1500,false,,POST,http://localhost:5000/api/v1/register,HTTP/1.1,default,,500,,,http://localhost:5000/api/v1/register,,
http_req_blocked,1700186116,1.000500,,,1500,false,,POST,http://localhost:5000/api/v1/register,HTTP/1.1,default,,500,,,http://localhost:5000/api/v1/register,,
http_req_connecting,1700186116,1.000500,,,1500,false,,POST,http://localhost:5000/api/v1/register,HTTP/1.1,default,,500,,,http://localhost:5000/api/v1/register,,
http_req_tls_handshaking,1700186116,0.000000,,,1500,false,,POST,http://localhost:5000/api/v1/register,HTTP/1.1,default,,500,,,http://localhost:5000/api/v1/register,,
http_req_sending,1700186116,0.000000,,,1500,false,,POST,http://localhost:5000/api/v1/register,HTTP/1.1,default,,500,,,http://localhost:5000/api/v1/register,,
http_req_waiting,1700186116,30099.547900,,,1500,false,,POST,http://localhost:5000/api/v1/register,HTTP/1.1,default,,500,,,http://localhost:5000/api/v1/register,,
http_req_receiving,1700186116,0.000000,,,1500,false,,POST,http://localhost:5000/api/v1/register,HTTP/1.1,default,,500,,,http://localhost:5000/api/v1/register,,
http_req_failed,1700186116,1.000000,,,1500,false,,POST,http://localhost:5000/api/v1/register,HTTP/1.1,default,,500,,,http://localhost:5000/api/v1/register,,
data_sent,1700186116,247.000000,,,,,,,,,default,,,,,,,
data_received,1700186116,490.000000,,,,,,,,,default,,,,,,,
iteration_duration,1700186116,30100.925100,,,,,,,,,default,,,,,,,
iterations,1700186116,1.000000,,,,,,,,,default,,,,,,,
